,date_id,r1,r2,r3,r4,r5,r6,blue
0,3001,10,11,12,13,26,28,11
1,3002,4,9,19,20,21,26,12
2,3003,1,7,10,23,28,32,16
3,3004,4,6,7,10,13,25,3
4,3005,4,6,15,17,30,31,16
5,3006,1,3,10,21,26,27,6
6,3007,1,9,19,21,23,26,7
7,3008,5,8,9,14,17,23,8
8,3009,5,9,18,20,22,30,9
9,3010,1,2,8,13,17,24,13
10,3011,4,5,11,12,30,32,15
11,3012,2,12,16,17,27,30,12
12,3013,8,13,17,21,23,32,12
13,3014,3,5,7,8,21,31,2
14,3015,4,11,19,25,26,32,13
15,3016,11,17,28,30,31,33,6
16,3017,5,8,18,23,25,31,6
17,3018,5,16,19,20,25,28,13
18,3019,4,8,12,13,16,33,9
19,3020,7,10,25,26,27,32,4
20,3021,14,15,18,25,26,30,1
21,3022,2,7,11,12,14,32,8
22,3023,1,10,20,22,26,31,2
23,3024,2,7,15,17,22,30,14
24,3025,1,5,11,13,14,27,12
25,3026,8,13,15,26,29,31,16
26,3027,1,11,14,17,27,28,15
27,3028,6,13,16,20,28,32,7
28,3029,2,7,15,26,29,32,10
29,3030,2,6,13,14,23,27,7
30,3031,11,17,20,22,28,32,1
31,3032,4,11,25,27,29,30,13
32,3033,1,7,14,20,27,30,10
33,3034,8,13,14,16,23,25,14
34,3035,3,4,5,8,10,11,8
35,3036,7,21,24,25,27,28,15
36,3037,9,14,17,18,26,32,7
37,3038,5,7,8,24,25,27,16
38,3039,3,5,23,24,27,32,3
39,3040,4,5,6,12,14,23,16
40,3041,2,3,17,18,24,25,11
41,3042,3,5,7,10,15,20,7
42,3043,2,8,10,19,20,32,13
43,3044,2,5,9,16,32,33,15
44,3045,3,7,14,15,17,32,3
45,3046,7,8,10,11,17,26,11
46,3047,3,17,26,28,32,33,16
47,3048,10,12,20,28,30,31,9
48,3049,3,6,7,13,24,25,15
49,3050,2,8,17,23,24,26,13
50,3051,4,13,15,17,24,27,1
51,3052,1,12,13,23,30,31,11
52,3053,15,19,20,21,28,29,13
53,3054,2,5,9,21,31,33,12
54,3055,6,13,16,21,28,31,16
55,3056,8,17,21,26,28,29,7
56,3057,18,19,24,25,30,31,16
57,3058,9,11,16,28,32,33,2
58,3059,2,3,5,6,18,30,4
59,3060,2,4,6,17,21,28,11
60,3061,3,5,20,21,28,32,2
61,3062,1,6,12,19,20,32,14
62,3063,5,8,9,14,21,33,11
63,3064,4,6,8,12,15,30,1
64,3065,6,15,16,17,30,33,11
65,3066,3,7,8,20,24,32,14
66,3067,5,11,12,13,27,31,10
67,3068,9,19,25,27,32,33,11
68,3069,7,11,16,19,26,28,11
69,3070,1,2,4,17,18,19,8
70,3071,9,11,12,14,15,33,11
71,3072,3,6,8,11,19,27,11
72,3073,2,12,14,21,23,30,13
73,3074,2,12,19,22,27,32,1
74,3075,16,17,19,22,31,33,11
75,3076,1,13,16,18,20,29,2
76,3077,4,12,16,22,24,25,6
77,3078,7,12,23,26,29,30,11
78,3079,12,15,22,23,26,31,4
79,3080,9,20,24,25,28,30,10
80,3081,1,2,14,26,29,30,7
81,3082,7,17,18,19,30,31,14
82,3083,1,3,14,18,26,28,1
83,3084,2,6,7,10,17,33,3
84,3085,1,4,11,12,19,27,14
85,3086,5,12,16,18,26,30,13
86,3087,2,3,4,5,24,28,13
87,3088,3,10,21,22,24,33,12
88,3089,18,19,21,26,27,33,16
89,4001,1,2,3,7,10,25,7
90,4002,10,12,18,22,30,31,11
91,4003,3,5,6,17,26,33,8
92,4004,10,19,22,23,25,29,9
93,4005,9,11,13,16,17,18,7
94,4006,4,12,18,20,23,32,6
95,4007,4,12,17,20,25,28,9
96,4008,1,7,10,22,32,33,13
97,4009,1,9,10,16,22,24,11
98,4010,6,7,8,13,14,19,15
99,4011,1,4,13,23,28,30,3
100,4012,1,7,27,30,31,33,8
101,4013,12,14,21,29,30,32,13
102,4014,3,7,11,17,20,26,12
103,4015,1,3,5,18,22,23,13
104,4016,4,7,8,28,30,32,5
105,4017,5,12,14,15,25,31,9
106,4018,2,5,6,8,28,30,6
107,4019,5,10,11,23,24,32,4
108,4020,1,2,9,22,28,31,4
109,4021,5,9,11,17,26,27,10
110,4022,3,10,14,19,20,30,6
111,4023,1,8,14,17,19,30,3
112,4024,1,13,21,23,25,32,6
113,4025,7,8,10,24,29,33,4
114,4026,4,10,14,18,28,32,15
115,4027,1,5,9,10,18,32,11
116,4028,1,2,3,5,10,22,12
117,4029,9,13,20,22,24,32,5
118,4030,1,7,9,17,26,31,5
119,4031,3,6,19,20,21,24,11
120,4032,2,5,8,11,15,31,13
121,4033,1,4,8,9,19,20,1
122,4034,2,7,13,20,27,30,14
123,4035,2,8,26,27,30,32,16
124,4036,2,13,17,18,26,30,1
125,4037,3,4,11,17,20,26,5
126,4038,11,16,17,25,28,29,7
127,4039,10,16,18,25,26,29,3
128,4040,7,17,19,20,21,29,11
129,4041,8,10,17,22,25,29,14
130,4042,6,10,13,17,18,21,2
131,4043,4,9,10,21,22,24,10
132,4044,2,6,7,12,31,32,5
133,4045,1,12,18,26,27,28,13
134,4046,7,15,16,22,23,32,14
135,4047,1,7,8,11,27,31,6
136,4048,8,9,11,16,17,29,9
137,4049,11,12,14,16,25,29,9
138,4050,6,7,19,21,25,29,2
139,4051,2,3,9,10,15,29,11
140,4052,1,12,14,15,17,29,9
141,4053,2,3,4,9,24,25,2
142,4054,9,11,14,16,27,28,11
143,4055,6,8,19,25,29,32,7
144,4056,1,20,21,25,29,30,2
145,4057,5,21,23,25,28,32,4
146,4058,1,8,11,12,27,31,12
147,4059,4,7,11,19,23,26,10
148,4060,3,5,11,24,27,28,15
149,4061,13,16,19,20,23,33,9
150,4062,1,12,25,27,28,29,13
151,4063,7,10,13,16,27,28,7
152,4064,14,15,18,20,27,31,4
153,4065,13,14,27,29,32,33,8
154,4066,5,13,20,23,24,25,3
155,4067,1,6,7,13,16,32,4
156,4068,2,8,11,13,24,31,15
157,4069,2,11,15,20,22,29,5
158,4070,10,12,21,22,30,33,6
159,4071,3,8,16,17,21,29,6
160,4072,8,15,18,28,30,33,14
161,4073,2,7,13,16,23,28,16
162,4074,5,6,15,19,26,29,13
163,4075,7,18,21,26,27,28,7
164,4076,3,5,13,17,25,31,7
165,4077,8,9,10,14,16,26,7
166,4078,4,5,10,21,24,26,5
167,4079,7,13,14,17,19,30,3
168,4080,3,8,20,23,24,26,16
169,4081,3,5,21,24,27,32,6
170,4082,3,20,24,27,29,30,15
171,4083,14,16,27,28,30,33,6
172,4084,1,4,8,11,21,25,14
173,4085,3,8,11,29,30,32,1
174,4086,10,13,18,19,25,27,1
175,4087,1,3,7,8,25,26,14
176,4088,2,10,19,22,24,32,14
177,4089,14,17,20,25,28,30,14
178,4090,1,18,20,24,32,33,12
179,4091,9,13,14,21,30,33,1
180,4092,1,4,8,13,28,31,2
181,4093,11,14,20,27,32,33,5
182,4094,5,9,10,13,24,25,8
183,4095,19,22,27,28,30,32,1
184,4096,1,4,12,16,20,30,15
185,4097,10,19,20,26,29,31,14
186,4098,3,12,13,25,26,31,3
187,4099,5,10,21,22,26,33,2
188,4100,6,8,9,14,24,33,15
189,4101,2,9,14,19,25,26,15
190,4102,3,9,12,15,28,32,1
191,4103,2,3,5,9,16,21,2
192,4104,7,11,17,18,24,29,5
193,4105,7,9,10,21,23,30,12
194,4106,10,15,23,26,28,29,12
195,4107,1,8,12,13,18,20,7
196,4108,8,13,14,27,28,31,12
197,4109,6,8,10,17,30,31,14
198,4110,14,19,20,21,22,31,11
199,4111,11,16,18,20,26,31,2
200,4112,9,13,15,21,26,33,6
201,4113,8,10,23,25,31,32,7
202,4114,1,6,9,17,21,22,1
203,4115,2,16,20,30,31,33,1
204,4116,1,3,5,8,14,33,3
205,4117,1,3,7,14,24,25,7
206,4118,3,4,7,12,30,31,15
207,4119,6,9,18,20,25,33,6
208,4120,7,8,18,21,27,32,10
209,4121,7,13,16,18,30,32,10
210,4122,3,11,14,22,24,31,15
211,5001,1,7,8,23,27,28,14
212,5002,6,9,20,26,28,33,14
213,5003,9,12,15,19,22,31,16
214,5004,1,4,8,9,22,23,3
215,5005,5,9,20,26,28,33,15
216,5006,2,4,5,15,21,31,16
217,5007,7,15,17,20,23,33,15
218,5008,11,19,22,27,32,33,11
219,5009,2,17,22,27,29,31,14
220,5010,8,10,11,18,25,26,1
221,5011,9,11,13,15,22,30,15
222,5012,2,3,6,16,22,31,5
223,5013,7,8,16,19,20,24,6
224,5014,13,19,21,23,30,32,5
225,5015,4,8,9,16,17,29,15
226,5016,1,5,6,12,16,30,15
227,5017,2,6,10,25,27,31,3
228,5018,1,3,6,22,23,25,6
229,5019,6,11,12,13,19,22,8
230,5020,14,16,19,20,25,29,5
231,5021,2,6,24,26,30,31,16
232,5022,8,10,12,21,32,33,4
233,5023,10,15,19,20,21,25,12
234,5024,5,9,14,27,31,32,13
235,5025,1,7,10,11,13,32,7
236,5026,6,12,14,20,25,26,7
237,5027,1,3,4,6,21,32,15
238,5028,4,9,22,25,26,32,10
239,5029,2,14,21,22,27,30,14
240,5030,1,5,9,14,22,28,5
241,5031,4,10,16,20,23,32,7
242,5032,5,15,19,20,25,29,3
243,5033,7,8,12,14,19,20,7
244,5034,5,17,18,25,28,32,9
245,5035,12,16,21,28,29,30,14
246,5036,12,19,20,21,26,31,15
247,5037,7,12,14,22,24,32,16
248,5038,4,7,11,20,27,28,16
249,5039,2,16,18,19,21,29,9
250,5040,1,12,21,24,30,32,13
251,5041,2,11,16,23,24,29,3
252,5042,11,16,21,26,27,30,15
253,5043,4,5,6,7,8,32,5
254,5044,1,6,16,17,18,22,9
255,5045,1,7,10,15,18,20,10
256,5046,9,16,18,20,22,24,5
257,5047,2,3,5,7,8,27,15
258,5048,6,7,8,10,16,28,2
259,5049,2,3,8,10,25,27,12
260,5050,2,9,12,20,26,32,13
261,5051,3,6,14,19,20,21,2
262,5052,1,2,14,17,30,32,1
263,5053,4,7,10,14,27,29,9
264,5054,5,13,17,18,21,29,14
265,5055,5,20,22,30,32,33,9
266,5056,12,17,19,27,29,31,9
267,5057,5,6,10,15,30,31,13
268,5058,4,6,10,21,25,26,10
269,5059,7,11,14,18,24,29,7
270,5060,9,12,21,25,31,33,13
271,5061,5,9,14,21,23,24,1
272,5062,2,7,11,12,20,23,7
273,5063,2,11,13,18,22,30,4
274,5064,10,18,23,27,30,32,8
275,5065,12,16,17,21,22,23,16
276,5066,2,4,10,11,25,28,5
277,5067,3,12,16,20,21,26,16
278,5068,1,8,10,13,25,33,13
279,5069,7,9,21,24,31,33,12
280,5070,3,4,8,14,16,26,4
281,5071,4,8,12,14,16,22,10
282,5072,6,10,19,20,24,33,11
283,5073,1,6,8,9,18,20,1
284,5074,6,9,18,20,26,29,9
285,5075,11,13,14,16,18,31,14
286,5076,4,9,11,22,25,28,13
287,5077,8,17,22,24,32,33,16
288,5078,3,11,15,20,26,32,11
289,5079,3,9,20,24,25,28,5
290,5080,1,12,14,26,27,32,16
291,5081,2,4,10,12,26,30,3
292,5082,1,7,11,14,19,20,12
293,5083,3,5,9,14,16,30,13
294,5084,1,2,7,15,19,20,3
295,5085,8,9,13,14,20,22,12
296,5086,7,11,12,24,27,29,12
297,5087,8,9,15,16,23,26,8
298,5088,1,3,7,18,20,24,7
299,5089,5,19,20,23,26,31,12
300,5090,1,9,21,25,29,32,3
301,5091,1,11,12,15,26,27,13
302,5092,8,13,19,26,28,31,10
303,5093,4,6,17,23,25,29,14
304,5094,3,5,9,23,27,33,3
305,5095,9,12,18,21,28,29,5
306,5096,4,5,17,18,26,33,4
307,5097,5,10,23,27,28,30,15
308,5098,12,15,19,22,31,33,1
309,5099,10,13,16,22,24,31,9
310,5100,2,4,9,14,16,31,3
311,5101,9,16,19,21,22,24,12
312,5102,2,5,6,14,24,31,12
313,5103,4,7,16,18,23,30,7
314,5104,2,4,21,23,30,33,9
315,5105,4,15,23,30,32,33,3
316,5106,1,11,13,24,26,31,13
317,5107,9,10,20,24,25,26,11
318,5108,3,10,12,24,29,30,6
319,5109,3,5,13,15,17,31,4
320,5110,7,10,16,19,24,25,9
321,5111,3,7,15,16,19,29,9
322,5112,4,12,22,28,29,30,16
323,5113,15,18,20,22,26,27,3
324,5114,6,7,10,15,21,27,6
325,5115,3,12,18,23,30,33,2
326,5116,4,6,8,14,15,30,10
327,5117,6,17,22,27,28,32,3
328,5118,4,9,12,15,26,31,16
329,5119,1,7,11,18,20,22,2
330,5120,1,6,13,18,30,32,14
331,5121,1,7,20,25,31,32,12
332,5122,1,4,7,14,30,32,9
333,5123,11,12,13,17,18,25,7
334,5124,5,6,10,19,31,33,11
335,5125,6,14,18,28,31,32,3
336,5126,2,8,13,19,25,26,9
337,5127,4,6,11,14,23,25,12
338,5128,2,4,14,23,29,33,15
339,5129,5,10,14,20,27,33,3
340,5130,3,5,9,15,20,25,16
341,5131,2,7,10,11,12,24,3
342,5132,2,4,10,18,27,29,15
343,5133,1,7,14,16,18,25,11
344,5134,4,13,14,18,26,30,1
345,5135,1,5,13,15,21,25,11
346,5136,5,14,16,18,25,27,13
347,5137,3,9,15,23,25,33,12
348,5138,3,5,6,11,20,22,13
349,5139,2,7,20,23,32,33,10
350,5140,4,6,7,8,12,17,7
351,5141,3,5,8,12,16,19,15
352,5142,7,10,12,17,22,29,5
353,5143,3,10,15,17,20,32,8
354,5144,1,8,14,15,19,27,9
355,5145,3,7,8,17,20,28,15
356,5146,7,11,19,20,24,28,2
357,5147,6,7,15,27,28,30,10
358,5148,3,15,17,23,24,29,13
359,5149,11,16,21,23,25,32,7
360,5150,3,7,10,14,18,20,2
361,5151,4,11,12,13,19,30,5
362,5152,1,5,12,14,21,27,3
363,5153,4,5,7,21,26,29,1
364,6001,1,12,15,19,21,28,3
365,6002,7,13,16,21,26,28,9
366,6003,2,4,5,6,16,20,12
367,6004,4,8,17,27,28,31,7
368,6005,3,19,20,24,26,27,11
369,6006,8,21,22,23,26,32,14
370,6007,4,16,18,27,32,33,7
371,6008,3,5,9,18,28,32,16
372,6009,5,6,8,20,26,30,6
373,6010,4,6,12,19,27,29,8
374,6011,5,7,8,14,27,31,11
375,6012,9,11,13,27,31,33,10
376,6013,1,5,6,12,16,21,11
377,6014,6,14,26,29,32,33,7
378,6015,2,3,9,15,29,32,3
379,6016,1,7,13,17,23,30,16
380,6017,3,4,8,31,32,33,2
381,6018,1,13,14,17,24,26,5
382,6019,4,6,13,22,26,32,7
383,6020,5,9,21,23,26,29,6
384,6021,1,2,5,20,21,22,9
385,6022,2,3,4,13,16,27,13
386,6023,4,13,14,19,23,28,8
387,6024,2,7,9,11,21,27,6
388,6025,3,4,17,19,24,32,5
389,6026,1,2,18,22,29,32,3
390,6027,6,8,11,14,16,27,15
391,6028,5,7,14,16,17,27,4
392,6029,3,4,7,9,14,19,8
393,6030,8,13,15,17,20,32,14
394,6031,3,10,12,16,31,32,14
395,6032,5,18,20,24,26,31,9
396,6033,15,20,22,23,27,31,6
397,6034,2,10,15,16,17,33,13
398,6035,3,9,13,21,27,29,13
399,6036,4,7,10,16,17,21,9
400,6037,2,12,23,24,25,32,14
401,6038,2,14,17,19,22,30,10
402,6039,16,19,22,28,31,32,3
403,6040,15,22,25,26,28,33,3
404,6041,3,10,16,18,21,28,4
405,6042,3,16,23,26,28,31,11
406,6043,5,12,13,16,23,32,3
407,6044,2,10,18,21,30,31,5
408,6045,6,7,10,14,20,21,4
409,6046,13,18,23,29,31,32,8
410,6047,2,17,20,22,28,32,3
411,6048,9,13,19,25,29,32,12
412,6049,6,10,12,13,17,20,3
413,6050,2,6,12,15,25,31,7
414,6051,2,6,7,17,27,30,16
415,6052,11,24,26,27,30,32,3
416,6053,1,11,17,27,28,31,2
417,6054,3,5,7,10,28,30,4
418,6055,4,5,28,29,31,33,11
419,6056,11,13,15,21,23,25,8
420,6057,3,4,17,18,21,31,8
421,6058,1,12,22,23,24,25,14
422,6059,5,10,15,17,27,29,11
423,6060,5,15,19,23,30,32,14
424,6061,5,13,17,19,25,30,11
425,6062,18,22,23,24,26,30,1
426,6063,4,5,15,21,23,24,8
427,6064,3,12,14,21,24,28,11
428,6065,4,8,17,28,29,30,13
429,6066,6,8,11,18,30,33,5
430,6067,7,8,11,16,17,24,13
431,6068,3,7,10,14,30,33,10
432,6069,5,16,20,22,29,30,8
433,6070,2,3,11,13,20,27,2
434,6071,5,11,12,19,29,31,1
435,6072,2,3,5,20,21,24,8
436,6073,5,13,16,18,27,29,12
437,6074,1,3,15,19,25,33,4
438,6075,10,21,22,23,25,33,11
439,6076,4,10,17,21,29,32,14
440,6077,8,9,12,13,19,33,9
441,6078,3,5,17,22,31,33,12
442,6079,6,11,13,17,20,32,8
443,6080,15,17,20,22,26,29,9
444,6081,14,16,18,21,22,32,4
445,6082,3,13,15,23,28,29,9
446,6083,7,9,18,19,26,29,10
447,6084,1,12,17,21,25,28,12
448,6085,2,6,18,21,24,25,8
449,6086,4,6,10,24,26,31,6
450,6087,4,5,8,9,12,30,5
451,6088,3,11,20,24,25,26,1
452,6089,1,13,16,18,19,22,1
453,6090,2,11,15,20,23,29,11
454,6091,7,8,12,21,22,24,7
455,6092,2,8,11,16,20,21,14
456,6093,2,12,16,18,19,23,5
457,6094,15,16,17,18,24,33,13
458,6095,1,3,17,20,21,29,16
459,6096,1,5,9,13,18,33,14
460,6097,11,14,15,20,26,27,12
461,6098,6,7,10,11,18,23,16
462,6099,9,12,18,23,24,27,5
463,6100,1,11,18,26,30,32,3
464,6101,9,12,20,26,27,28,16
465,6102,1,4,13,19,20,24,11
466,6103,12,14,15,25,28,31,6
467,6104,3,7,22,27,28,31,11
468,6105,5,12,14,15,20,31,1
469,6106,2,12,14,19,28,33,10
470,6107,1,6,8,13,17,30,7
471,6108,2,6,8,20,24,30,9
472,6109,1,5,17,18,23,26,13
473,6110,9,12,14,18,27,33,13
474,6111,1,8,11,16,17,22,15
475,6112,4,9,13,15,31,33,11
476,6113,5,14,17,18,28,33,2
477,6114,8,10,14,20,27,29,16
478,6115,1,10,20,26,28,29,15
479,6116,5,16,21,22,32,33,9
480,6117,6,14,20,22,23,26,9
481,6118,1,3,7,8,10,30,5
482,6119,1,2,14,20,27,30,2
483,6120,6,8,14,15,24,33,9
484,6121,3,4,6,27,31,33,6
485,6122,4,5,6,8,22,24,3
486,6123,2,3,20,25,28,32,6
487,6124,12,13,14,18,31,32,13
488,6125,15,19,23,30,32,33,6
489,6126,2,8,13,16,24,33,9
490,6127,3,4,11,17,19,30,1
491,6128,4,15,21,30,31,33,5
492,6129,9,14,18,22,27,29,12
493,6130,1,12,21,22,30,32,2
494,6131,3,4,9,22,26,33,1
495,6132,6,14,22,26,30,33,1
496,6133,4,6,20,25,29,31,3
497,6134,10,13,18,26,28,30,12
498,6135,4,19,21,22,23,31,4
499,6136,11,15,17,21,22,24,5
500,6137,10,14,17,21,27,31,9
501,6138,4,9,11,17,18,26,8
502,6139,7,8,14,21,23,25,5
503,6140,1,8,11,18,19,23,5
504,6141,16,18,22,23,25,31,11
505,6142,10,16,19,22,26,27,16
506,6143,1,15,20,29,31,32,8
507,6144,4,10,13,16,22,29,6
508,6145,2,7,23,26,28,31,7
509,6146,3,9,13,23,28,30,5
510,6147,1,4,15,17,27,31,1
511,6148,4,8,12,13,23,29,1
512,6149,2,3,5,11,15,32,15
513,6150,8,9,12,18,25,27,12
514,6151,1,3,4,6,16,22,8
515,6152,1,14,20,25,27,31,15
516,6153,1,7,11,20,30,33,10
517,6154,7,14,18,20,30,33,13
518,7001,2,4,9,10,20,26,14
519,7002,5,6,14,20,21,22,1
520,7003,5,9,11,12,22,27,15
521,7004,3,7,10,13,25,33,10
522,7005,1,5,6,16,24,30,12
523,7006,6,10,14,22,26,27,11
524,7007,4,12,15,17,22,32,14
525,7008,1,4,5,18,19,25,10
526,7009,2,4,14,15,25,27,15
527,7010,3,8,14,17,30,32,5
528,7011,3,10,15,25,28,33,16
529,7012,3,5,7,21,26,28,4
530,7013,5,15,18,27,29,32,5
531,7014,1,13,16,20,24,26,9
532,7015,3,4,8,18,22,30,15
533,7016,1,18,20,22,26,33,5
534,7017,5,9,10,24,25,32,14
535,7018,1,12,18,20,21,26,11
536,7019,4,11,16,23,29,31,14
537,7020,5,10,16,20,28,31,14
538,7021,3,6,9,11,25,31,13
539,7022,2,4,7,10,18,27,10
540,7023,3,7,13,17,32,33,2
541,7024,8,9,17,25,27,32,6
542,7025,3,16,18,22,23,26,3
543,7026,1,4,14,16,26,29,10
544,7027,2,3,9,22,24,27,11
545,7028,3,8,13,20,29,30,11
546,7029,6,8,9,11,19,21,10
547,7030,3,16,21,22,27,30,4
548,7031,4,6,10,12,19,31,1
549,7032,4,8,16,24,30,32,16
550,7033,3,4,11,17,18,28,9
551,7034,2,9,12,14,23,25,16
552,7035,1,4,8,12,29,31,6
553,7036,3,14,21,23,30,31,10
554,7037,10,11,16,23,31,33,16
555,7038,3,11,14,19,21,30,5
556,7039,6,7,19,24,27,29,1
557,7040,13,14,15,19,24,30,10
558,7041,1,3,9,11,26,31,12
559,7042,3,13,16,19,32,33,8
560,7043,3,8,10,11,14,30,5
561,7044,9,13,20,21,24,32,8
562,7045,1,12,18,21,28,30,10
563,7046,2,6,7,9,19,26,14
564,7047,2,4,16,18,23,30,6
565,7048,2,11,12,15,17,28,12
566,7049,4,14,18,19,31,33,2
567,7050,1,5,8,13,18,25,2
568,7051,3,14,16,26,27,33,13
569,7052,2,3,7,8,26,29,7
570,7053,10,13,16,17,18,27,11
571,7054,1,3,16,18,23,28,5
572,7055,2,6,11,22,28,29,2
573,7056,14,17,21,29,31,32,12
574,7057,5,11,18,19,20,21,9
575,7058,7,8,10,13,25,27,7
576,7059,1,3,4,6,7,29,14
577,7060,1,2,8,16,19,29,5
578,7061,1,6,7,11,20,23,5
579,7062,8,17,20,29,30,33,9
580,7063,10,15,17,24,26,28,12
581,7064,2,6,9,16,21,23,16
582,7065,4,7,19,21,25,31,7
583,7066,5,11,16,24,32,33,8
584,7067,6,11,13,17,21,23,11
585,7068,11,18,19,22,23,28,1
586,7069,3,4,11,12,14,32,12
587,7070,6,8,15,17,18,30,12
588,7071,1,6,14,21,30,31,9
589,7072,2,4,8,13,14,33,16
590,7073,5,9,11,19,28,31,2
591,7074,8,13,15,25,27,28,3
592,7075,13,16,17,22,30,32,3
593,7076,6,12,15,16,20,31,2
594,7077,6,8,14,21,28,29,2
595,7078,4,6,7,23,25,32,1
596,7079,3,4,14,20,21,25,14
597,7080,1,8,16,18,19,29,4
598,7081,9,14,15,19,24,33,13
599,7082,5,15,17,18,25,32,15
600,7083,11,14,18,20,21,26,5
601,7084,6,10,12,14,20,27,10
602,7085,2,12,17,19,29,30,12
603,7086,5,8,14,22,27,29,16
604,7087,1,3,4,5,8,21,9
605,7088,2,4,10,28,29,33,6
606,7089,3,7,8,15,19,28,3
607,7090,5,11,13,27,30,31,2
608,7091,2,11,17,30,31,32,7
609,7092,14,18,22,23,24,33,9
610,7093,5,10,13,15,19,29,2
611,7094,3,5,18,19,24,32,2
612,7095,1,6,8,18,29,32,7
613,7096,9,10,20,22,30,32,8
614,7097,4,8,13,18,26,30,11
615,7098,2,3,5,11,19,20,12
616,7099,3,4,14,27,31,33,5
617,7100,8,18,27,29,30,32,6
618,7101,15,16,18,21,22,30,14
619,7102,4,6,8,18,20,33,11
620,7103,7,9,25,27,30,32,1
621,7104,2,8,12,14,20,32,4
622,7105,2,7,10,17,23,29,14
623,7106,12,18,21,24,25,29,8
624,7107,2,8,9,18,24,28,10
625,7108,3,7,12,13,20,33,2
626,7109,1,4,7,8,13,14,4
627,7110,2,4,7,15,24,28,3
628,7111,2,9,10,12,13,17,11
629,7112,7,11,14,16,25,32,11
630,7113,4,18,23,25,26,31,10
631,7114,5,12,15,24,27,33,5
632,7115,1,5,10,16,20,26,2
633,7116,3,5,7,11,17,27,13
634,7117,3,7,9,10,26,32,1
635,7118,4,10,16,18,25,32,15
636,7119,3,8,11,13,25,31,12
637,7120,6,7,11,12,18,25,1
638,7121,3,10,21,22,27,28,6
639,7122,4,7,19,24,26,32,9
640,7123,1,13,15,23,28,32,2
641,7124,3,7,13,16,19,32,16
642,7125,3,5,18,20,27,33,1
643,7126,9,10,19,23,26,31,9
644,7127,6,9,13,16,24,28,11
645,7128,9,10,19,21,27,31,5
646,7129,5,7,20,21,22,30,8
647,7130,3,5,9,11,27,31,4
648,7131,3,5,7,16,22,27,5
649,7132,1,9,16,21,22,23,5
650,7133,3,6,7,11,13,33,10
651,7134,1,4,10,13,18,25,15
652,7135,1,11,16,26,31,33,16
653,7136,1,2,18,21,25,29,14
654,7137,3,7,8,18,20,22,3
655,7138,2,3,15,17,19,25,16
656,7139,6,10,12,14,16,22,6
657,7140,1,5,16,21,22,26,11
658,7141,2,3,4,6,17,31,8
659,7142,11,20,25,26,27,30,8
660,7143,1,6,22,23,24,26,4
661,7144,8,14,23,25,28,32,16
662,7145,8,9,11,12,25,31,11
663,7146,4,18,22,24,26,30,9
664,7147,3,7,18,24,26,27,4
665,7148,3,9,16,17,23,28,7
666,7149,1,17,19,22,28,30,3
667,7150,3,5,11,13,19,24,5
668,7151,1,6,10,11,23,25,2
669,7152,11,17,21,29,30,33,8
670,7153,1,4,19,20,25,31,15
671,8001,2,4,7,9,14,29,3
672,8002,3,4,18,22,25,29,9
673,8003,6,8,11,13,17,19,12
674,8004,4,8,22,23,27,29,8
675,8005,3,5,15,22,24,25,15
676,8006,1,14,16,18,22,27,14
677,8007,1,13,17,22,23,30,11
678,8008,2,15,16,23,26,27,7
679,8009,9,21,29,30,31,32,16
680,8010,3,8,11,17,21,27,9
681,8011,2,14,17,21,30,32,3
682,8012,3,4,5,16,20,30,13
683,8013,2,8,15,16,22,28,10
684,8014,3,9,11,17,21,31,14
685,8015,6,8,11,16,29,33,3
686,8016,3,12,14,21,29,33,13
687,8017,2,5,7,17,20,22,2
688,8018,2,5,6,23,26,33,13
689,8019,2,9,11,17,27,31,5
690,8020,3,10,13,15,28,30,3
691,8021,9,12,19,20,26,28,15
692,8022,12,18,20,24,28,32,5
693,8023,8,16,18,25,26,32,2
694,8024,11,20,21,26,28,30,13
695,8025,8,16,17,18,19,21,14
696,8026,5,17,19,27,29,32,3
697,8027,15,18,19,23,24,26,13
698,8028,1,13,21,26,29,32,10
699,8029,1,9,14,22,29,32,12
700,8030,6,15,18,19,20,28,11
701,8031,3,6,11,15,21,31,13
702,8032,5,14,16,21,23,28,13
703,8033,12,17,18,30,31,33,4
704,8034,3,5,9,11,21,29,9
705,8035,7,11,14,17,18,29,16
706,8036,2,6,13,18,23,28,16
707,8037,1,12,22,24,28,31,6
708,8038,3,9,10,11,15,19,13
709,8039,1,7,10,13,22,29,1
710,8040,6,13,22,25,27,28,9
711,8041,8,11,20,22,23,27,4
712,8042,3,4,9,11,12,24,1
713,8043,3,10,16,22,27,33,14
714,8044,5,7,9,20,26,29,9
715,8045,1,10,13,21,29,32,4
716,8046,15,16,18,24,28,33,15
717,8047,9,12,13,14,20,22,10
718,8048,11,18,21,27,30,32,1
719,8049,3,10,12,13,19,25,4
720,8050,1,11,19,24,26,27,3
721,8051,1,4,8,10,13,33,11
722,8052,2,10,17,23,29,31,10
723,8053,6,12,19,20,21,27,4
724,8054,2,6,16,17,20,25,7
725,8055,11,16,19,23,26,31,4
726,8056,8,13,22,23,25,30,7
727,8057,19,20,21,26,28,30,8
728,8058,1,12,21,27,29,31,11
729,8059,2,6,15,29,31,32,16
730,8060,6,7,8,17,30,32,3
731,8061,1,2,5,12,26,31,6
732,8062,6,8,13,17,24,27,15
733,8063,5,9,11,14,16,17,15
734,8064,1,2,7,9,12,18,12
735,8065,5,13,15,19,30,31,5
736,8066,7,12,21,22,29,30,8
737,8067,10,11,15,19,26,33,13
738,8068,5,7,17,23,27,29,7
739,8069,5,8,17,20,26,30,10
740,8070,5,6,12,15,18,33,13
741,8071,1,6,21,26,27,28,9
742,8072,1,5,10,18,22,30,9
743,8073,1,9,13,22,28,33,8
744,8074,1,11,15,19,20,24,9
745,8075,1,8,14,18,22,30,3
746,8076,2,5,7,11,13,18,11
747,8077,4,12,22,26,30,33,9
748,8078,6,13,16,26,30,33,1
749,8079,3,4,5,10,20,32,9
750,8080,4,14,22,25,29,32,14
751,8081,2,12,13,18,25,31,4
752,8082,4,8,10,12,21,26,9
753,8083,7,8,9,18,29,32,9
754,8084,4,7,13,20,29,30,16
755,8085,1,4,12,20,24,29,15
756,8086,4,5,10,26,27,30,12
757,8087,1,7,26,29,30,31,6
758,8088,1,6,8,16,17,23,5
759,8089,3,6,11,16,22,27,11
760,8090,2,7,14,18,19,24,1
761,8091,3,12,14,23,31,32,10
762,8092,1,3,18,27,28,30,5
763,8093,4,10,12,16,26,28,7
764,8094,1,4,15,16,23,28,14
765,8095,3,8,14,21,28,29,3
766,8096,6,8,12,24,27,31,14
767,8097,3,6,8,9,16,17,13
768,8098,6,7,10,11,15,30,1
769,8099,10,15,16,22,23,24,7
770,8100,8,14,17,21,27,28,14
771,8101,9,17,21,26,28,30,4
772,8102,3,7,12,21,25,32,5
773,8103,1,12,16,18,22,33,4
774,8104,3,6,8,17,24,31,1
775,8105,5,17,19,27,28,32,2
776,8106,14,19,25,27,29,30,15
777,8107,6,13,18,22,27,32,4
778,8108,9,10,15,17,23,30,12
779,8109,4,7,9,16,21,28,10
780,8110,10,16,22,23,29,31,2
781,8111,17,18,21,25,31,32,6
782,8112,5,13,14,19,22,23,6
783,8113,6,9,10,12,17,22,9
784,8114,4,9,20,24,25,31,14
785,8115,2,12,13,14,17,18,6
786,8116,3,7,21,22,24,29,14
787,8117,3,5,7,10,14,33,7
788,8118,4,9,16,27,31,33,1
789,8119,5,7,9,15,24,29,7
790,8120,10,11,22,24,26,33,2
791,8121,2,22,23,27,31,32,6
792,8122,2,8,11,14,19,26,15
793,8123,10,11,15,16,25,29,2
794,8124,1,7,10,13,21,22,3
795,8125,10,11,12,15,26,29,9
796,8126,4,11,12,14,20,30,13
797,8127,5,8,19,22,27,30,13
798,8128,1,5,19,20,27,33,5
799,8129,1,3,18,24,25,32,15
800,8130,1,12,18,28,30,32,6
801,8131,2,12,15,18,22,32,8
802,8132,9,13,16,25,27,33,8
803,8133,8,11,16,19,24,26,11
804,8134,10,15,19,20,28,32,2
805,8135,5,14,15,16,19,21,15
806,8136,5,9,10,12,18,28,2
807,8137,1,4,24,28,29,33,9
808,8138,7,14,19,23,25,32,4
809,8139,8,9,19,23,25,26,7
810,8140,7,14,16,29,30,31,14
811,8141,3,13,20,25,29,33,15
812,8142,5,6,10,13,17,28,15
813,8143,12,17,18,19,26,27,6
814,8144,2,5,10,27,29,33,15
815,8145,7,13,18,22,26,29,2
816,8146,7,8,17,19,31,32,10
817,8147,7,8,14,22,26,33,2
818,8148,3,5,9,22,26,28,9
819,8149,10,14,22,28,29,33,2
820,8150,4,19,22,24,29,32,2
821,8151,6,8,10,14,17,19,6
822,8152,1,4,6,22,26,30,8
823,8153,1,4,18,21,24,30,16
824,8154,2,5,7,21,22,26,8
825,9001,4,21,23,24,30,31,4
826,9002,10,14,17,25,29,33,14
827,9003,2,3,6,15,25,30,2
828,9004,3,11,13,17,28,31,3
829,9005,1,3,8,15,17,21,13
830,9006,6,12,18,20,26,33,2
831,9007,1,5,12,23,25,26,15
832,9008,4,15,16,22,32,33,2
833,9009,8,15,21,30,31,33,2
834,9010,3,10,17,19,20,24,2
835,9011,2,4,13,14,18,23,15
836,9012,5,11,14,17,18,28,1
837,9013,4,8,9,21,26,27,9
838,9014,3,6,9,14,15,18,2
839,9015,2,4,6,15,17,32,5
840,9016,2,7,13,16,20,33,3
841,9017,6,14,15,19,25,26,8
842,9018,2,5,6,19,27,30,15
843,9019,6,17,19,20,26,27,4
844,9020,3,5,7,10,19,23,13
845,9021,1,4,5,17,24,27,9
846,9022,5,8,9,10,11,18,8
847,9023,1,6,7,15,24,30,8
848,9024,1,3,17,23,30,33,12
849,9025,10,20,22,23,26,33,11
850,9026,11,15,17,18,20,30,16
851,9027,2,7,11,16,27,32,6
852,9028,3,6,12,15,23,26,10
853,9029,12,13,15,22,23,29,13
854,9030,8,14,24,26,28,32,7
855,9031,1,2,3,15,30,33,1
856,9032,9,11,12,19,27,32,6
857,9033,7,8,13,14,29,30,6
858,9034,9,12,18,21,22,26,7
859,9035,6,15,21,26,29,31,5
860,9036,6,9,18,23,32,33,7
861,9037,2,6,15,18,20,31,3
862,9038,12,13,15,23,28,32,5
863,9039,5,12,14,15,21,27,3
864,9040,4,7,10,20,26,30,12
865,9041,1,8,23,26,28,33,8
866,9042,8,16,22,23,27,30,11
867,9043,4,9,10,15,18,26,7
868,9044,11,14,16,18,26,30,1
869,9045,3,4,6,23,30,32,1
870,9046,16,20,21,26,29,30,9
871,9047,6,8,11,15,21,22,16
872,9048,3,7,11,15,17,31,1
873,9049,9,12,14,20,30,31,6
874,9050,13,21,24,29,30,32,4
875,9051,6,10,13,16,21,23,7
876,9052,9,11,15,19,21,30,8
877,9053,7,12,18,19,22,28,4
878,9054,16,17,23,26,31,32,11
879,9055,3,4,18,22,24,29,11
880,9056,4,9,10,18,29,32,8
881,9057,5,7,10,14,17,25,11
882,9058,5,8,10,15,23,26,9
883,9059,3,7,13,23,27,30,11
884,9060,7,13,17,26,32,33,4
885,9061,10,11,13,16,19,30,3
886,9062,10,19,20,21,23,32,10
887,9063,2,5,11,26,30,32,16
888,9064,1,2,14,23,28,29,15
889,9065,8,12,20,22,30,33,2
890,9066,2,15,19,24,31,32,4
891,9067,4,10,16,23,28,30,5
892,9068,6,11,18,20,25,30,5
893,9069,3,5,12,18,21,23,2
894,9070,1,2,9,10,21,31,10
895,9071,4,5,23,26,31,32,6
896,9072,1,3,12,20,21,29,4
897,9073,9,16,17,18,22,27,14
898,9074,5,10,16,19,23,28,13
899,9075,1,13,15,17,20,30,5
900,9076,9,18,19,25,28,31,6
901,9077,1,9,14,16,28,32,16
902,9078,5,7,12,14,15,20,13
903,9079,2,9,16,21,30,31,13
904,9080,1,11,13,25,32,33,6
905,9081,4,5,6,25,29,30,3
906,9082,11,15,18,21,27,29,2
907,9083,2,8,12,18,24,28,4
908,9084,4,9,11,20,32,33,13
909,9085,4,8,12,17,20,30,3
910,9086,11,12,13,18,23,32,11
911,9087,6,11,13,20,28,32,6
912,9088,4,7,11,15,16,17,2
913,9089,2,3,7,11,19,32,4
914,9090,7,9,14,20,23,30,14
915,9091,3,8,11,14,25,29,4
916,9092,2,6,7,14,18,31,8
917,9093,1,11,20,31,32,33,1
918,9094,3,16,22,25,26,33,14
919,9095,8,9,14,28,31,33,15
920,9096,1,26,27,31,32,33,3
921,9097,7,13,24,26,28,32,14
922,9098,3,14,15,20,23,30,2
923,9099,8,9,18,20,25,29,9
924,9100,2,11,17,27,30,33,11
925,9101,1,2,5,10,19,24,14
926,9102,3,5,7,8,14,31,10
927,9103,6,11,17,20,23,24,9
928,9104,20,22,26,29,30,32,16
929,9105,2,8,10,16,27,30,15
930,9106,1,2,15,18,20,29,4
931,9107,7,8,20,23,28,29,5
932,9108,4,10,17,28,32,33,2
933,9109,5,6,7,14,25,28,1
934,9110,4,10,13,15,19,30,14
935,9111,2,4,7,14,15,25,15
936,9112,6,7,18,24,30,32,9
937,9113,4,12,20,25,28,29,16
938,9114,3,5,11,12,31,32,11
939,9115,2,9,13,15,19,24,3
940,9116,5,17,21,25,27,32,14
941,9117,5,9,15,21,26,31,13
942,9118,12,16,25,26,27,31,5
943,9119,6,7,10,12,15,21,5
944,9120,1,2,8,12,16,30,16
945,9121,2,4,6,10,25,30,9
946,9122,7,14,16,27,29,32,1
947,9123,9,13,20,22,25,28,14
948,9124,3,4,22,23,28,30,10
949,9125,6,7,8,22,26,27,12
950,9126,3,5,6,10,19,23,15
951,9127,2,11,12,14,15,16,4
952,9128,5,8,15,16,26,32,1
953,9129,6,7,16,17,24,25,7
954,9130,2,3,7,12,13,30,11
955,9131,16,23,25,26,32,33,5
956,9132,4,14,15,21,23,30,7
957,9133,5,9,13,18,20,32,1
958,9134,3,5,12,15,28,33,6
959,9135,1,3,14,19,30,33,16
960,9136,1,4,14,22,30,33,1
961,9137,8,12,14,15,17,21,1
962,9138,4,7,14,26,32,33,14
963,9139,1,5,15,17,27,29,2
964,9140,4,5,11,18,22,33,12
965,9141,2,13,21,28,29,31,9
966,9142,7,11,15,19,20,24,13
967,9143,5,9,11,17,23,28,10
968,9144,1,5,10,17,18,29,12
969,9145,3,5,11,15,26,33,11
970,9146,3,9,16,20,22,33,15
971,9147,6,8,10,18,22,32,16
972,9148,6,12,15,22,29,32,10
973,9149,1,3,16,18,22,29,4
974,9150,4,6,7,16,19,20,4
975,9151,6,8,10,16,25,30,14
976,9152,3,4,19,21,27,28,5
977,9153,6,7,8,20,21,25,10
978,9154,1,7,12,14,18,25,16
979,10001,7,17,18,27,29,32,13
980,10002,3,6,7,23,30,33,13
981,10003,14,22,26,27,28,31,4
982,10004,1,12,13,16,23,28,7
983,10005,3,5,6,8,17,18,14
984,10006,3,5,7,13,14,18,5
985,10007,14,22,27,28,30,33,14
986,10008,5,7,13,15,18,30,14
987,10009,1,9,13,21,24,32,6
988,10010,7,8,12,15,22,26,8
989,10011,7,8,14,22,24,30,7
990,10012,2,8,13,14,25,33,10
991,10013,1,2,3,16,18,23,12
992,10014,1,3,7,14,26,28,2
993,10015,1,4,16,21,23,28,6
994,10016,2,8,10,12,30,33,16
995,10017,1,3,6,11,12,23,11
996,10018,11,28,29,30,32,33,2
997,10019,2,10,22,24,26,27,6
998,10020,5,6,14,22,24,26,9
999,10021,2,9,16,17,19,25,4
1000,10022,1,2,18,29,31,32,2
1001,10023,2,9,11,22,24,27,11
1002,10024,7,16,26,27,29,31,14
1003,10025,4,5,7,10,13,25,11
1004,10026,2,4,5,8,19,22,12
1005,10027,3,4,15,25,26,30,13
1006,10028,1,3,6,12,16,32,12
1007,10029,1,5,14,16,17,22,3
1008,10030,3,6,10,16,25,31,5
1009,10031,5,7,13,24,25,28,4
1010,10032,8,18,21,28,29,33,8
1011,10033,8,10,11,12,25,29,9
1012,10034,6,11,13,22,25,32,12
1013,10035,9,10,11,18,19,21,10
1014,10036,6,13,14,28,29,30,8
1015,10037,3,16,19,21,24,26,6
1016,10038,1,6,7,11,13,16,1
1017,10039,8,17,21,23,25,32,12
1018,10040,12,19,24,25,30,32,11
1019,10041,3,5,13,19,25,29,12
1020,10042,3,6,11,20,31,32,10
1021,10043,4,10,19,22,28,33,4
1022,10044,3,9,21,23,27,31,5
1023,10045,2,3,4,13,20,29,1
1024,10046,11,12,21,23,27,32,5
1025,10047,3,10,13,20,21,32,15
1026,10048,1,6,8,10,23,33,2
1027,10049,1,6,10,26,27,28,2
1028,10050,7,21,22,26,28,30,11
1029,10051,4,17,23,27,28,32,3
1030,10052,1,2,19,23,27,29,10
1031,10053,3,22,24,27,28,30,14
1032,10054,1,6,8,12,14,25,6
1033,10055,2,3,13,19,20,23,8
1034,10056,1,2,3,8,13,32,7
1035,10057,5,11,12,19,25,32,5
1036,10058,1,4,11,17,19,29,12
1037,10059,1,9,11,12,18,30,10
1038,10060,1,8,15,18,22,27,9
1039,10061,2,4,16,19,22,26,12
1040,10062,11,13,15,20,31,33,3
1041,10063,2,6,10,17,23,24,3
1042,10064,8,14,25,26,30,31,11
1043,10065,2,7,8,17,30,32,12
1044,10066,1,3,21,22,31,32,7
1045,10067,1,7,10,14,21,25,1
1046,10068,3,13,18,20,23,28,13
1047,10069,12,14,20,22,24,32,11
1048,10070,8,13,23,27,31,33,7
1049,10071,5,13,14,17,20,26,1
1050,10072,6,8,22,23,30,31,1
1051,10073,1,16,20,23,27,31,2
1052,10074,2,10,17,18,19,29,15
1053,10075,5,9,12,13,15,22,14
1054,10076,1,12,14,29,31,32,15
1055,10077,2,8,14,20,21,24,9
1056,10078,1,3,9,11,17,23,12
1057,10079,8,11,12,14,18,22,2
1058,10080,8,10,13,14,16,23,16
1059,10081,2,3,9,24,26,27,5
1060,10082,1,8,13,14,27,31,2
1061,10083,2,20,21,22,23,31,12
1062,10084,2,10,14,18,20,30,3
1063,10085,1,8,12,13,24,27,8
1064,10086,5,21,28,29,30,31,8
1065,10087,1,8,16,17,25,30,10
1066,10088,5,6,15,23,27,30,12
1067,10089,7,8,9,16,23,26,1
1068,10090,1,6,10,15,25,31,14
1069,10091,6,13,16,20,22,24,16
1070,10092,3,13,19,27,28,30,2
1071,10093,9,10,19,28,32,33,6
1072,10094,3,5,7,27,31,32,10
1073,10095,9,11,16,17,25,27,14
1074,10096,7,12,21,23,24,28,3
1075,10097,10,16,18,21,24,26,1
1076,10098,1,3,8,16,29,33,7
1077,10099,3,4,17,24,27,30,6
1078,10100,1,6,12,22,23,26,8
1079,10101,4,9,18,21,25,26,6
1080,10102,4,11,16,20,22,29,10
1081,10103,6,9,14,17,20,33,9
1082,10104,7,17,23,24,27,32,2
1083,10105,1,8,9,19,21,31,11
1084,10106,2,6,8,15,26,29,16
1085,10107,8,12,15,17,22,33,16
1086,10108,2,4,8,20,23,24,7
1087,10109,4,15,18,25,29,32,15
1088,10110,1,3,12,24,26,27,1
1089,10111,4,7,8,13,17,18,10
1090,10112,1,8,18,24,29,30,16
1091,10113,5,10,15,18,20,28,10
1092,10114,1,8,11,15,17,25,1
1093,10115,1,22,24,25,29,33,15
1094,10116,5,9,10,20,22,26,7
1095,10117,1,8,20,22,24,28,1
1096,10118,5,8,11,13,15,25,5
1097,10119,7,17,25,27,30,31,9
1098,10120,1,2,5,6,10,29,16
1099,10121,8,11,13,18,25,30,15
1100,10122,2,9,12,16,25,27,6
1101,10123,6,12,15,18,29,32,10
1102,10124,2,6,8,11,12,25,2
1103,10125,6,7,13,23,28,29,9
1104,10126,3,13,18,20,27,28,5
1105,10127,1,4,8,17,25,33,1
1106,10128,4,11,19,20,24,28,12
1107,10129,4,8,14,25,28,32,16
1108,10130,1,2,7,15,21,31,16
1109,10131,5,6,15,16,19,26,6
1110,10132,2,10,12,18,24,33,15
1111,10133,3,9,17,21,26,32,1
1112,10134,9,15,16,22,27,28,6
1113,10135,4,10,13,25,26,30,10
1114,10136,4,10,23,24,26,33,10
1115,10137,7,9,10,13,19,33,6
1116,10138,1,21,23,24,26,30,5
1117,10139,11,13,18,20,26,31,9
1118,10140,1,12,13,18,26,29,15
1119,10141,2,3,7,18,23,27,6
1120,10142,2,16,18,23,26,27,10
1121,10143,9,16,18,26,30,31,14
1122,10144,2,3,8,15,19,21,11
1123,10145,3,21,24,27,28,31,8
1124,10146,1,17,18,22,25,32,1
1125,10147,2,8,15,18,24,30,3
1126,10148,1,3,7,18,23,27,12
1127,10149,2,7,8,16,25,30,9
1128,10150,2,17,18,23,29,30,6
1129,10151,2,13,14,17,19,26,14
1130,10152,4,9,17,21,25,31,1
1131,10153,3,6,12,19,30,31,13
1132,11001,3,9,20,24,26,32,10
1133,11002,6,8,12,17,28,33,5
1134,11003,13,14,21,22,23,27,4
1135,11004,4,6,8,10,13,26,5
1136,11005,6,9,12,14,20,22,13
1137,11006,1,3,5,13,16,18,5
1138,11007,1,9,17,24,26,31,5
1139,11008,10,12,13,17,24,31,15
1140,11009,17,18,23,24,25,26,4
1141,11010,1,4,5,9,15,19,13
1142,11011,1,12,18,19,21,24,10
1143,11012,7,8,11,13,15,26,13
1144,11013,1,3,13,16,21,22,8
1145,11014,5,7,10,11,23,26,16
1146,11015,3,6,13,26,27,29,7
1147,11016,3,4,16,17,22,29,13
1148,11017,2,6,15,23,26,33,8
1149,11018,13,15,18,28,30,33,1
1150,11019,2,4,12,19,32,33,16
1151,11020,12,16,17,19,24,30,5
1152,11021,1,2,14,18,25,31,8
1153,11022,2,7,14,16,17,21,5
1154,11023,2,3,6,21,22,25,5
1155,11024,5,7,10,19,26,31,14
1156,11025,8,25,26,31,32,33,9
1157,11026,7,8,17,19,21,26,12
1158,11027,13,18,21,22,25,26,1
1159,11028,1,4,5,14,16,17,1
1160,11029,1,4,9,10,20,31,7
1161,11030,2,9,19,24,25,33,10
1162,11031,16,17,24,28,29,32,12
1163,11032,3,5,7,13,14,15,15
1164,11033,2,8,12,13,19,29,4
1165,11034,13,14,17,19,24,31,8
1166,11035,13,14,18,20,27,31,2
1167,11036,2,11,20,22,24,31,5
1168,11037,1,3,4,6,17,25,11
1169,11038,2,14,15,19,23,24,12
1170,11039,3,7,10,16,24,29,13
1171,11040,5,11,14,24,26,28,13
1172,11041,4,10,12,13,30,32,13
1173,11042,5,13,15,17,19,21,15
1174,11043,4,13,14,17,25,31,4
1175,11044,3,14,16,26,27,31,9
1176,11045,2,16,17,20,26,32,8
1177,11046,9,17,18,26,29,30,8
1178,11047,4,13,23,25,27,33,14
1179,11048,10,14,18,25,26,27,15
1180,11049,1,11,17,18,27,31,14
1181,11050,4,5,19,22,28,29,15
1182,11051,1,7,11,14,15,16,14
1183,11052,4,5,8,19,27,28,8
1184,11053,3,6,10,12,22,30,15
1185,11054,8,11,16,17,22,33,8
1186,11055,8,13,16,17,29,32,16
1187,11056,13,16,19,20,23,25,10
1188,11057,4,6,20,21,26,33,2
1189,11058,7,18,22,30,32,33,6
1190,11059,24,26,27,29,31,33,16
1191,11060,10,11,13,21,27,31,1
1192,11061,2,3,8,13,19,21,3
1193,11062,4,8,9,10,29,30,3
1194,11063,4,6,13,15,18,19,5
1195,11064,3,6,7,29,30,33,2
1196,11065,4,16,23,25,27,29,3
1197,11066,4,6,14,17,30,32,12
1198,11067,17,19,20,24,25,27,12
1199,11068,3,7,10,15,19,24,10
1200,11069,2,13,16,18,24,30,12
1201,11070,1,3,5,12,21,28,12
1202,11071,1,2,15,22,28,30,2
1203,11072,1,6,10,11,18,27,12
1204,11073,3,4,5,12,17,21,14
1205,11074,2,21,26,28,29,32,1
1206,11075,7,9,10,12,31,32,13
1207,11076,6,19,21,26,32,33,13
1208,11077,1,7,8,15,26,29,10
1209,11078,3,5,13,20,22,29,9
1210,11079,3,14,15,16,24,29,5
1211,11080,2,7,9,25,31,32,9
1212,11081,6,14,19,23,25,32,12
1213,11082,7,16,17,20,25,26,4
1214,11083,7,16,18,24,28,29,6
1215,11084,9,10,12,16,18,32,15
1216,11085,3,6,11,21,24,31,10
1217,11086,6,7,9,12,17,24,9
1218,11087,2,3,4,5,18,28,1
1219,11088,3,9,17,20,21,29,4
1220,11089,1,2,11,24,29,30,12
1221,11090,2,5,14,18,21,25,16
1222,11091,9,15,21,23,28,30,3
1223,11092,5,10,17,26,31,32,4
1224,11093,4,7,11,13,23,30,9
1225,11094,9,11,12,17,18,19,5
1226,11095,3,7,8,10,23,24,5
1227,11096,1,4,7,13,14,19,15
1228,11097,9,17,19,20,21,26,16
1229,11098,3,7,20,21,22,32,5
1230,11099,10,12,13,21,26,27,14
1231,11100,7,11,21,23,31,32,5
1232,11101,6,10,19,23,29,31,6
1233,11102,1,5,13,21,27,31,11
1234,11103,4,5,10,13,15,16,12
1235,11104,9,10,16,20,25,29,9
1236,11105,4,6,23,25,27,28,1
1237,11106,2,11,12,14,24,32,14
1238,11107,4,9,16,17,22,29,15
1239,11108,2,17,22,26,29,33,10
1240,11109,1,3,9,15,16,33,15
1241,11110,12,14,21,26,28,33,12
1242,11111,1,3,5,20,25,27,4
1243,11112,3,5,16,18,23,24,15
1244,11113,6,10,11,25,32,33,5
1245,11114,1,14,15,16,30,32,9
1246,11115,7,8,9,12,17,33,16
1247,11116,1,7,11,12,17,27,5
1248,11117,8,10,19,26,28,30,4
1249,11118,5,6,11,14,20,21,10
1250,11119,9,12,14,19,28,32,1
1251,11120,4,14,17,28,30,33,7
1252,11121,4,14,22,25,32,33,2
1253,11122,10,12,18,26,27,31,3
1254,11123,1,4,5,14,19,28,16
1255,11124,9,18,19,26,31,32,16
1256,11125,3,10,15,24,27,32,8
1257,11126,3,7,13,18,23,26,16
1258,11127,16,19,22,23,27,29,11
1259,11128,9,11,14,17,19,23,12
1260,11129,7,10,11,21,23,26,6
1261,11130,7,14,18,23,25,32,15
1262,11131,2,7,9,17,21,25,1
1263,11132,2,5,12,13,25,33,7
1264,11133,12,14,20,21,25,31,16
1265,11134,1,2,6,7,30,31,10
1266,11135,12,13,17,20,25,26,12
1267,11136,2,4,6,20,22,31,7
1268,11137,2,11,18,23,30,33,13
1269,11138,1,5,15,24,28,32,7
1270,11139,8,20,24,27,30,31,3
1271,11140,4,18,20,22,27,29,6
1272,11141,2,4,6,19,24,29,11
1273,11142,12,15,16,26,29,31,2
1274,11143,7,8,12,14,15,30,16
1275,11144,1,2,9,10,16,24,3
1276,11145,2,4,14,15,26,30,4
1277,11146,11,23,26,28,32,33,10
1278,11147,4,8,12,17,18,30,10
1279,11148,5,14,22,23,25,26,14
1280,11149,4,5,6,7,23,31,16
1281,11150,8,10,12,15,22,27,13
1282,11151,7,11,16,19,31,33,10
1283,11152,4,10,11,12,21,26,13
1284,11153,5,8,9,10,20,25,13
1285,12001,1,4,5,9,15,17,6
1286,12002,2,3,7,9,10,32,13
1287,12003,3,6,8,24,29,31,9
1288,12004,1,5,10,11,21,23,16
1289,12005,7,9,18,27,31,33,6
1290,12006,2,22,25,29,32,33,8
1291,12007,10,17,19,27,28,32,4
1292,12008,1,12,20,23,24,29,8
1293,12009,4,16,24,26,27,33,11
1294,12010,1,3,13,19,25,26,10
1295,12011,4,14,15,16,20,26,5
1296,12012,15,17,18,20,23,27,1
1297,12013,6,8,24,29,30,32,13
1298,12014,1,2,5,16,28,30,12
1299,12015,1,3,6,10,21,23,15
1300,12016,2,5,12,17,22,25,8
1301,12017,6,9,14,19,25,28,10
1302,12018,3,5,6,22,26,32,15
1303,12019,7,14,18,20,22,30,16
1304,12020,3,8,12,18,23,29,11
1305,12021,1,15,16,18,22,30,3
1306,12022,4,8,12,24,26,27,4
1307,12023,5,9,15,23,24,33,2
1308,12024,4,12,19,21,25,28,13
1309,12025,3,8,9,17,25,27,6
1310,12026,3,7,9,15,24,25,16
1311,12027,4,16,22,25,30,31,12
1312,12028,10,15,20,21,28,30,11
1313,12029,4,7,15,25,26,28,3
1314,12030,9,10,17,18,21,31,8
1315,12031,4,16,22,24,27,31,3
1316,12032,1,2,10,17,22,24,4
1317,12033,2,3,15,16,17,27,4
1318,12034,2,3,8,23,32,33,16
1319,12035,9,11,12,21,24,26,5
1320,12036,2,11,13,18,19,26,9
1321,12037,5,14,19,24,28,33,9
1322,12038,9,10,11,15,19,33,16
1323,12039,1,2,5,13,22,29,8
1324,12040,3,8,9,22,25,31,10
1325,12041,8,11,15,20,24,32,2
1326,12042,5,6,11,19,24,28,16
1327,12043,2,9,11,21,26,33,3
1328,12044,6,9,10,14,22,25,3
1329,12045,8,11,20,21,27,30,9
1330,12046,4,12,19,20,23,33,6
1331,12047,6,7,11,16,32,33,11
1332,12048,1,5,14,22,24,30,10
1333,12049,4,12,13,19,20,32,2
1334,12050,7,13,15,17,19,24,11
1335,12051,2,12,14,17,30,31,9
1336,12052,2,3,5,6,20,24,4
1337,12053,4,15,22,25,27,33,4
1338,12054,6,14,18,20,30,33,14
1339,12055,4,6,13,20,24,28,1
1340,12056,4,7,14,17,26,31,10
1341,12057,3,5,19,21,27,31,4
1342,12058,3,6,15,20,25,26,4
1343,12059,4,13,21,22,26,31,1
1344,12060,7,10,13,16,17,29,1
1345,12061,3,8,11,12,14,18,14
1346,12062,2,13,16,17,20,31,7
1347,12063,2,10,17,19,24,27,12
1348,12064,5,10,11,16,23,24,11
1349,12065,8,10,18,19,27,31,14
1350,12066,1,2,9,26,29,33,12
1351,12067,4,5,10,21,26,30,16
1352,12068,5,17,22,26,32,33,10
1353,12069,8,10,11,18,20,29,6
1354,12070,2,3,4,24,31,32,11
1355,12071,3,4,19,21,22,23,8
1356,12072,2,3,7,9,13,30,6
1357,12073,4,7,9,10,17,27,5
1358,12074,15,16,18,19,28,32,8
1359,12075,4,6,22,23,29,32,11
1360,12076,11,18,22,27,29,30,15
1361,12077,2,4,13,18,26,28,12
1362,12078,8,15,22,24,28,33,12
1363,12079,6,7,12,24,30,33,12
1364,12080,4,9,14,15,16,27,3
1365,12081,2,5,10,24,25,29,6
1366,12082,2,4,11,18,22,29,6
1367,12083,4,9,14,15,26,33,4
1368,12084,2,10,20,26,28,29,14
1369,12085,5,17,24,30,31,33,5
1370,12086,8,9,13,15,22,23,8
1371,12087,3,10,11,13,14,22,9
1372,12088,3,5,23,24,27,31,15
1373,12089,3,7,10,13,14,25,11
1374,12090,2,13,20,25,29,30,11
1375,12091,1,5,7,8,19,21,16
1376,12092,6,13,17,18,28,32,3
1377,12093,3,5,19,21,24,33,13
1378,12094,6,9,14,16,23,33,15
1379,12095,17,24,27,28,29,30,2
1380,12096,4,7,11,16,29,33,7
1381,12097,5,8,13,14,19,22,6
1382,12098,2,12,19,26,29,31,9
1383,12099,8,12,15,16,21,27,16
1384,12100,5,7,15,18,25,33,10
1385,12101,9,12,17,18,20,33,2
1386,12102,13,25,27,28,29,30,15
1387,12103,4,9,11,14,32,33,2
1388,12104,4,5,9,10,19,28,3
1389,12105,6,13,14,15,17,30,4
1390,12106,13,14,20,22,23,32,16
1391,12107,11,12,15,24,25,31,9
1392,12108,1,9,12,13,19,28,13
1393,12109,2,12,24,26,29,31,3
1394,12110,3,7,10,13,22,32,9
1395,12111,2,9,10,20,22,31,13
1396,12112,8,15,20,21,27,31,6
1397,12113,3,6,9,13,18,32,6
1398,12114,1,6,11,26,27,29,15
1399,12115,3,8,20,24,26,32,14
1400,12116,3,21,26,29,31,32,3
1401,12117,13,15,18,20,24,28,9
1402,12118,5,6,7,12,15,28,11
1403,12119,12,20,25,26,27,28,13
1404,12120,1,4,20,24,28,29,16
1405,12121,1,7,8,20,23,24,11
1406,12122,12,13,19,22,28,29,11
1407,12123,8,10,16,25,28,33,9
1408,12124,6,7,21,25,27,33,11
1409,12125,8,12,13,26,29,33,1
1410,12126,3,5,12,15,23,24,7
1411,12127,1,9,11,21,26,32,8
1412,12128,5,9,12,29,30,31,5
1413,12129,1,7,9,17,21,29,1
1414,12130,1,3,15,20,22,31,3
1415,12131,6,18,19,26,28,32,12
1416,12132,7,12,16,17,21,25,10
1417,12133,1,8,11,20,21,29,2
1418,12134,2,5,6,7,13,23,15
1419,12135,2,5,7,8,11,17,16
1420,12136,2,7,8,17,21,28,11
1421,12137,1,2,4,6,13,17,7
1422,12138,1,7,16,17,19,21,14
1423,12139,8,19,21,24,28,31,15
1424,12140,14,18,27,30,31,33,15
1425,12141,3,5,8,19,20,27,9
1426,12142,5,18,22,28,29,31,6
1427,12143,7,8,18,25,30,32,6
1428,12144,3,10,12,13,27,30,4
1429,12145,5,20,26,27,28,33,3
1430,12146,1,5,7,13,29,32,13
1431,12147,2,12,15,23,24,32,9
1432,12148,3,6,11,17,21,31,7
1433,12149,1,5,13,25,26,32,13
1434,12150,9,11,17,23,24,26,7
1435,12151,5,14,24,25,26,32,1
1436,12152,10,12,18,22,28,29,7
1437,12153,4,5,11,21,27,28,10
1438,12154,5,7,12,16,28,32,4
1439,13001,6,8,14,15,24,25,6
1440,13002,1,16,18,22,28,30,12
1441,13003,22,23,26,27,28,33,9
1442,13004,6,10,16,20,27,32,8
1443,13005,1,13,14,25,31,32,12
1444,13006,9,10,13,17,22,30,13
1445,13007,2,9,15,22,26,32,1
1446,13008,3,8,17,21,25,32,15
1447,13009,1,4,9,13,16,23,2
1448,13010,1,9,11,17,32,33,12
1449,13011,3,12,17,24,27,29,9
1450,13012,6,14,17,22,28,29,2
1451,13013,5,6,13,19,22,28,9
1452,13014,2,4,5,17,19,20,8
1453,13015,5,6,7,11,13,18,15
1454,13016,2,5,6,12,14,28,5
1455,13017,4,6,12,30,31,32,9
1456,13018,2,8,13,28,29,30,5
1457,13019,1,2,5,16,20,26,6
1458,13020,1,7,8,12,16,21,1
1459,13021,1,6,17,19,26,31,11
1460,13022,2,4,7,9,15,20,7
1461,13023,3,6,15,18,30,32,5
1462,13024,4,5,13,23,27,30,9
1463,13025,16,17,18,24,25,30,8
1464,13026,4,11,14,15,22,31,11
1465,13027,1,2,4,12,21,24,12
1466,13028,7,8,14,25,26,28,13
1467,13029,6,7,10,19,23,29,12
1468,13030,7,14,18,25,26,29,6
1469,13031,3,13,14,15,21,33,3
1470,13032,4,21,25,29,30,33,3
1471,13033,5,6,13,17,19,28,1
1472,13034,6,15,20,22,26,33,9
1473,13035,1,14,15,17,26,30,2
1474,13036,4,5,9,27,29,31,13
1475,13037,2,15,18,27,28,32,14
1476,13038,9,10,12,14,15,19,11
1477,13039,1,2,14,15,24,29,6
1478,13040,2,4,10,12,17,30,10
1479,13041,2,10,12,17,23,24,5
1480,13042,1,8,12,13,15,33,3
1481,13043,3,6,14,15,17,25,16
1482,13044,3,5,11,18,26,28,6
1483,13045,6,7,8,14,23,31,12
1484,13046,3,16,19,20,24,26,6
1485,13047,1,8,11,17,27,30,12
1486,13048,10,13,17,28,30,32,4
1487,13049,10,13,14,16,21,32,14
1488,13050,3,7,13,18,22,25,3
1489,13051,8,12,15,19,28,29,2
1490,13052,6,7,14,21,22,24,13
1491,13053,3,12,13,22,30,33,14
1492,13054,3,4,8,14,21,28,14
1493,13055,8,18,19,22,27,32,6
1494,13056,3,12,25,26,28,29,16
1495,13057,13,16,19,23,26,28,5
1496,13058,8,11,17,21,23,24,5
1497,13059,3,10,18,24,27,29,9
1498,13060,5,7,10,13,19,20,15
1499,13061,5,6,7,12,13,18,12
1500,13062,1,6,7,19,22,27,2
1501,13063,10,15,18,20,23,31,12
1502,13064,1,9,13,22,25,32,12
1503,13065,7,18,19,23,29,30,2
1504,13066,1,3,16,17,20,32,7
1505,13067,1,4,9,15,22,30,6
1506,13068,2,7,13,20,25,27,6
1507,13069,7,16,17,18,30,33,6
1508,13070,2,3,9,10,28,30,6
1509,13071,5,12,21,23,26,28,9
1510,13072,2,8,11,14,19,33,9
1511,13073,2,9,13,17,20,28,11
1512,13074,3,6,8,14,19,32,3
1513,13075,4,6,9,25,30,33,14
1514,13076,14,23,24,26,29,30,3
1515,13077,9,14,23,24,26,29,3
1516,13078,3,5,17,18,26,27,15
1517,13079,7,13,17,19,22,26,13
1518,13080,10,11,12,23,28,32,16
1519,13081,1,4,10,13,21,31,13
1520,13082,4,13,14,20,22,30,6
1521,13083,5,6,12,14,19,23,9
1522,13084,5,7,9,11,20,21,3
1523,13085,2,8,12,14,16,32,16
1524,13086,2,4,11,13,16,26,11
1525,13087,2,13,19,23,24,28,5
1526,13088,9,15,20,21,22,24,14
1527,13089,4,8,12,19,21,25,13
1528,13090,2,5,11,23,24,29,8
1529,13091,4,14,24,25,28,31,10
1530,13092,7,11,15,21,26,31,6
1531,13093,1,2,8,26,29,31,14
1532,13094,2,4,14,18,20,22,7
1533,13095,1,6,15,19,28,29,10
1534,13096,1,2,22,28,29,30,15
1535,13097,5,14,17,22,23,25,7
1536,13098,7,15,18,19,20,26,14
1537,13099,5,11,20,21,26,31,3
1538,13100,4,8,11,14,16,20,11
1539,13101,5,7,9,23,27,32,1
1540,13102,2,4,5,6,8,16,3
1541,13103,2,4,9,13,18,20,7
1542,13104,1,2,4,15,17,28,11
1543,13105,1,11,23,27,31,32,9
1544,13106,9,11,23,30,31,32,6
1545,13107,7,9,11,17,28,31,11
1546,13108,16,21,22,28,31,32,5
1547,13109,9,23,24,27,29,32,8
1548,13110,15,17,18,21,29,32,13
1549,13111,1,2,3,6,8,33,13
1550,13112,1,6,12,13,22,31,7
1551,13113,4,7,11,17,24,33,9
1552,13114,4,6,17,21,23,33,7
1553,13115,3,12,16,17,18,27,8
1554,13116,12,15,21,26,32,33,7
1555,13117,9,12,13,24,27,33,16
1556,13118,2,3,17,22,32,33,16
1557,13119,5,15,20,22,26,32,9
1558,13120,5,6,13,18,23,31,11
1559,13121,4,5,6,7,25,27,7
1560,13122,7,10,13,15,26,27,11
1561,13123,1,2,6,11,17,25,2
1562,13124,3,9,15,23,25,30,7
1563,13125,4,6,8,18,25,28,16
1564,13126,4,10,19,27,31,33,16
1565,13127,2,3,13,20,22,33,14
1566,13128,7,13,17,19,25,31,8
1567,13129,5,6,10,14,27,31,14
1568,13130,1,3,15,16,31,33,8
1569,13131,4,6,12,17,19,26,9
1570,13132,20,21,22,23,25,27,12
1571,13133,4,7,12,19,22,25,1
1572,13134,1,17,18,19,25,29,10
1573,13135,9,23,24,25,29,31,12
1574,13136,4,6,14,16,18,26,6
1575,13137,4,17,19,23,24,27,10
1576,13138,4,15,16,24,27,28,3
1577,13139,7,8,11,13,21,27,8
1578,13140,1,5,12,13,21,22,10
1579,13141,3,4,5,25,30,31,4
1580,13142,11,12,14,20,22,29,14
1581,13143,12,18,21,22,27,32,11
1582,13144,5,7,12,19,27,31,2
1583,13145,6,10,13,16,23,24,15
1584,13146,8,20,25,30,32,33,1
1585,13147,2,15,16,17,19,30,8
1586,13148,6,11,12,14,17,22,1
1587,13149,9,18,25,26,30,32,11
1588,13150,1,15,16,25,26,29,10
1589,13151,3,9,10,19,28,33,9
1590,13152,4,6,14,16,18,29,5
1591,13153,8,11,13,18,28,33,10
1592,13154,7,11,14,19,24,29,5
1593,14001,3,9,15,20,27,29,1
1594,14002,4,21,23,31,32,33,4
1595,14003,6,10,11,28,30,33,12
1596,14004,1,4,19,22,24,25,15
1597,14005,15,18,23,27,32,33,4
1598,14006,3,4,7,17,21,27,14
1599,14007,8,10,12,14,18,28,14
1600,14008,5,14,16,21,29,30,12
1601,14009,8,9,19,20,25,32,16
1602,14010,5,7,8,20,31,33,11
1603,14011,9,10,13,14,21,32,2
1604,14012,1,8,11,19,21,24,8
1605,14013,5,9,13,15,17,21,13
1606,14014,4,9,19,22,25,29,15
1607,14015,2,11,19,30,32,33,9
1608,14016,2,3,7,13,21,24,8
1609,14017,4,6,7,14,25,26,10
1610,14018,13,17,18,21,30,33,15
1611,14019,2,10,15,19,20,21,7
1612,14020,9,14,17,23,24,25,15
1613,14021,8,10,15,17,22,29,12
1614,14022,4,6,7,10,21,26,16
1615,14023,7,9,13,17,21,22,10
1616,14024,8,10,16,20,23,30,9
1617,14025,1,5,10,14,16,30,16
1618,14026,1,2,5,6,11,23,14
1619,14027,8,10,14,16,30,31,1
1620,14028,6,16,21,27,30,32,5
1621,14029,2,7,14,16,21,29,14
1622,14030,12,18,19,23,24,30,10
1623,14031,4,10,16,17,21,27,14
1624,14032,1,2,14,22,29,33,7
1625,14033,5,13,23,28,32,33,12
1626,14034,1,3,4,8,25,31,6
1627,14035,7,8,9,17,32,33,6
1628,14036,1,7,8,9,11,22,3
1629,14037,6,13,14,24,25,30,7
1630,14038,4,7,22,23,24,33,16
1631,14039,3,11,15,19,20,31,7
1632,14040,3,4,6,11,12,15,8
1633,14041,7,11,16,18,21,22,2
1634,14042,12,15,20,25,28,33,14
1635,14043,2,5,9,14,24,33,9
1636,14044,4,9,21,27,28,33,12
1637,14045,2,4,9,11,19,22,15
1638,14046,2,10,11,17,18,22,10
1639,14047,8,10,11,12,19,29,15
1640,14048,6,9,16,17,24,25,16
1641,14049,6,7,16,17,23,32,6
1642,14050,3,17,23,25,26,32,13
1643,14051,10,16,19,21,23,24,13
1644,14052,9,13,15,28,30,33,8
1645,14053,14,17,19,22,26,31,2
1646,14054,1,4,5,11,29,30,14
1647,14055,2,9,14,19,21,30,4
1648,14056,1,11,18,20,28,29,1
1649,14057,2,4,12,18,23,31,8
1650,14058,2,3,12,13,14,25,11
1651,14059,5,8,12,13,23,25,13
1652,14060,3,5,14,18,25,33,6
1653,14061,2,14,17,27,28,31,8
1654,14062,6,9,15,24,25,26,9
1655,14063,3,8,17,21,22,31,16
1656,14064,2,9,15,16,29,32,14
1657,14065,3,4,5,8,10,22,6
1658,14066,2,5,15,17,18,21,16
1659,14067,1,6,7,17,18,23,6
1660,14068,4,12,13,22,27,29,16
1661,14069,5,12,17,19,25,30,11
1662,14070,1,7,9,19,28,29,7
1663,14071,2,4,12,17,22,25,14
1664,14072,1,3,7,13,19,32,16
1665,14073,1,12,16,20,30,33,2
1666,14074,1,3,6,13,30,31,12
1667,14075,3,9,11,22,27,29,6
1668,14076,6,10,12,17,18,33,11
1669,14077,8,9,12,15,19,22,10
1670,14078,2,3,5,6,9,17,7
1671,14079,2,7,16,22,27,28,2
1672,14080,5,14,16,17,25,30,7
1673,14081,8,14,22,24,27,29,10
1674,14082,2,4,20,25,26,29,11
1675,14083,5,6,19,21,23,33,12
1676,14084,1,6,9,10,13,25,8
1677,14085,1,2,11,19,23,29,8
1678,14086,2,4,10,12,14,30,8
1679,14087,6,18,22,23,32,33,6
1680,14088,3,6,11,14,16,29,15
1681,14089,4,6,14,17,27,30,9
1682,14090,5,9,11,19,24,32,13
1683,14091,1,5,12,19,27,29,14
1684,14092,3,13,18,19,22,26,7
1685,14093,2,8,9,10,20,29,5
1686,14094,1,10,18,20,23,29,1
1687,14095,5,6,8,14,22,31,8
1688,14096,12,14,17,19,22,24,8
1689,14097,7,13,24,25,27,32,15
1690,14098,2,13,17,20,29,31,7
1691,14099,1,5,10,11,13,32,14
1692,14100,1,6,9,10,14,16,11
1693,14101,16,18,20,23,24,32,7
1694,14102,14,16,21,24,28,31,13
1695,14103,3,8,9,10,18,33,4
1696,14104,2,6,12,19,27,28,13
1697,14105,14,16,17,19,27,32,4
1698,14106,9,14,17,18,21,25,15
1699,14107,11,14,17,22,25,27,16
1700,14108,3,8,9,20,23,28,2
1701,14109,2,5,11,15,19,28,2
1702,14110,1,8,11,13,19,30,6
1703,14111,2,8,17,20,22,28,2
1704,14112,1,15,16,21,24,30,3
1705,14113,12,14,28,31,32,33,7
1706,14114,2,7,23,30,32,33,10
1707,14115,1,9,10,11,13,32,3
1708,14116,9,10,14,15,19,29,16
1709,14117,5,10,17,25,28,29,4
1710,14118,5,7,15,18,26,30,3
1711,14119,6,13,17,20,26,29,9
1712,14120,1,7,12,16,23,28,4
1713,14121,1,2,13,22,28,30,9
1714,14122,6,9,11,16,20,29,11
1715,14123,1,6,11,17,28,33,5
1716,14124,2,17,20,24,31,33,4
1717,14125,10,11,15,26,31,32,6
1718,14126,6,11,16,17,22,27,1
1719,14127,2,10,12,21,23,27,12
1720,14128,5,7,8,17,18,24,14
1721,14129,5,8,9,20,28,32,2
1722,14130,1,2,10,24,30,33,10
1723,14131,5,17,21,22,28,32,14
1724,14132,5,6,14,15,18,33,8
1725,14133,13,14,16,23,30,31,13
1726,14134,5,16,22,23,26,28,2
1727,14135,2,4,11,13,25,33,1
1728,14136,3,16,19,27,31,32,10
1729,14137,3,6,9,11,25,29,9
1730,14138,4,6,13,29,31,33,13
1731,14139,1,14,15,20,25,29,11
1732,14140,6,10,11,14,17,33,6
1733,14141,8,9,11,16,21,24,10
1734,14142,6,21,22,23,25,28,13
1735,14143,3,12,18,20,25,26,16
1736,14144,3,5,6,9,10,27,14
1737,14145,10,12,13,23,26,29,11
1738,14146,1,6,13,20,29,32,1
1739,14147,6,7,22,26,31,32,10
1740,14148,1,2,5,12,15,16,13
1741,14149,7,9,10,15,19,33,1
1742,14150,3,8,14,22,24,32,9
1743,14151,4,5,8,11,21,27,8
1744,14152,8,13,15,20,21,25,12
1745,15001,1,7,9,16,20,23,6
1746,15002,7,15,16,25,28,32,5
1747,15003,10,15,20,23,24,31,15
1748,15004,2,14,15,16,23,24,10
1749,15005,7,10,16,17,18,32,15
1750,15006,1,10,11,29,31,33,13
1751,15007,1,7,9,17,20,33,8
1752,15008,4,7,10,16,20,22,3
1753,15009,4,7,14,17,21,25,14
1754,15010,1,2,3,8,21,31,9
1755,15011,4,14,15,17,18,20,15
1756,15012,3,5,22,23,29,31,6
1757,15013,8,9,24,25,26,29,1
1758,15014,2,12,16,19,27,30,11
1759,15015,1,7,20,24,25,33,4
1760,15016,2,6,10,15,17,31,13
1761,15017,13,18,20,25,27,33,12
1762,15018,6,9,12,14,28,29,9
1763,15019,2,6,11,19,25,26,4
1764,15020,1,4,7,19,22,23,4
1765,15021,14,15,16,17,27,28,8
1766,15022,4,7,10,16,23,25,10
1767,15023,8,9,10,13,29,30,1
1768,15024,9,11,16,18,23,24,10
1769,15025,10,11,12,15,27,32,14
1770,15026,2,13,17,21,22,33,13
1771,15027,5,7,9,16,26,29,7
1772,15028,4,7,10,26,27,28,14
1773,15029,7,14,15,19,21,28,7
1774,15030,8,11,14,15,16,26,7
1775,15031,1,5,7,22,26,32,11
1776,15032,11,14,16,18,29,32,16
1777,15033,3,6,21,29,31,32,5
1778,15034,12,13,17,18,20,27,13
1779,15035,1,8,9,22,24,33,3
1780,15036,4,6,16,17,26,33,3
1781,15037,5,7,12,18,28,31,3
1782,15038,5,6,11,12,14,33,14
1783,15039,1,13,15,26,29,30,12
1784,15040,13,16,18,27,30,32,16
1785,15041,4,9,11,17,21,25,6
1786,15042,9,10,19,21,23,32,8
1787,15043,11,12,15,24,26,27,15
1788,15044,2,3,4,13,14,16,2
1789,15045,1,5,13,22,30,31,7
1790,15046,5,7,10,14,23,31,1
1791,15047,2,3,20,24,26,27,9
1792,15048,13,16,17,22,25,27,10
1793,15049,7,12,14,17,20,23,5
1794,15050,3,9,12,16,17,31,4
1795,15051,4,10,24,26,28,32,9
1796,15052,2,4,11,16,25,26,12
1797,15053,3,7,17,22,32,33,10
1798,15054,1,2,7,10,22,26,7
1799,15055,1,10,15,18,19,28,2
1800,15056,1,7,8,16,18,20,14
1801,15057,9,20,24,25,26,32,4
1802,15058,2,9,10,18,19,20,15
1803,15059,2,6,9,16,25,32,14
1804,15060,1,3,18,27,31,32,13
1805,15061,6,18,22,26,32,33,4
1806,15062,9,14,15,18,21,26,16
1807,15063,1,7,9,16,22,32,12
1808,15064,11,12,14,17,23,27,1
1809,15065,8,10,14,19,26,29,12
1810,15066,5,8,11,17,24,28,16
1811,15067,2,5,8,24,25,31,14
1812,15068,6,15,18,21,26,27,10
1813,15069,1,13,17,18,23,30,15
1814,15070,1,7,13,19,21,29,15
1815,15071,8,18,20,28,29,31,8
1816,15072,1,3,5,20,21,31,5
1817,15073,1,2,17,22,26,27,4
1818,15074,4,7,21,25,26,29,8
1819,15075,6,11,13,19,21,32,4
1820,15076,1,9,10,19,23,27,9
1821,15077,1,6,8,10,13,27,16
1822,15078,3,7,20,22,26,29,2
1823,15079,9,14,15,20,26,32,11
1824,15080,14,17,25,27,28,30,2
1825,15081,13,20,22,26,28,31,13
1826,15082,2,8,9,14,28,30,7
1827,15083,6,7,16,18,29,32,5
1828,15084,15,18,20,22,28,29,15
1829,15085,2,8,25,27,28,29,5
1830,15086,5,6,8,16,18,22,12
1831,15087,9,15,16,19,20,28,11
1832,15088,2,12,20,24,29,31,9
1833,15089,12,14,19,27,28,29,1
1834,15090,10,12,14,22,25,33,15
1835,15091,5,7,17,19,22,31,11
1836,15092,9,15,19,21,26,27,1
1837,15093,1,3,13,21,25,31,8
1838,15094,1,4,6,13,16,17,10
1839,15095,4,15,21,28,30,31,4
1840,15096,6,16,17,23,24,31,7
1841,15097,9,12,14,20,26,27,4
1842,15098,6,9,13,26,27,33,1
1843,15099,6,7,10,11,14,22,9
1844,15100,2,3,11,17,19,21,8
1845,15101,8,16,22,24,28,29,5
1846,15102,7,9,12,14,21,23,6
1847,15103,6,8,13,26,30,32,14
1848,15104,9,18,21,23,25,26,1
1849,15105,9,10,16,19,20,26,12
1850,15106,1,3,4,23,31,32,13
1851,15107,7,14,16,18,21,25,8
1852,15108,2,12,19,22,24,27,15
1853,15109,1,8,9,16,32,33,13
1854,15110,5,7,16,17,22,23,4
1855,15111,8,14,16,18,20,30,12
1856,15112,1,3,10,19,20,27,11
1857,15113,1,5,7,8,19,27,12
1858,15114,4,7,9,13,21,26,1
1859,15115,1,7,8,14,24,32,3
1860,15116,4,6,15,23,26,28,11
1861,15117,4,11,12,18,26,32,12
1862,15118,1,4,11,21,23,31,12
1863,15119,2,8,10,18,23,31,8
1864,15120,16,21,24,26,27,29,16
1865,15121,1,3,20,21,28,29,12
1866,15122,5,7,11,16,22,25,7
1867,15123,5,8,9,12,22,28,7
1868,15124,2,3,5,12,18,27,1
1869,15125,5,13,22,27,30,33,10
1870,15126,10,11,15,20,23,29,12
1871,15127,7,10,19,22,27,33,6
1872,15128,1,3,8,11,22,28,6
1873,15129,5,8,11,16,18,27,4
1874,15130,6,14,15,16,17,22,10
1875,15131,10,12,13,19,22,26,3
1876,15132,3,5,11,28,30,33,1
1877,15133,2,3,13,20,22,24,15
1878,15134,2,5,14,19,27,31,4
1879,15135,1,12,14,18,26,32,7
1880,15136,2,5,12,23,28,29,1
1881,15137,14,22,23,27,28,31,12
1882,15138,1,2,8,16,19,24,11
1883,15139,1,10,13,18,25,27,9
1884,15140,6,20,28,29,30,31,12
1885,15141,3,8,19,25,27,28,2
1886,15142,13,17,19,20,22,25,11
1887,15143,13,15,19,20,21,32,4
1888,15144,1,4,7,15,28,32,16
1889,15145,7,8,15,19,20,24,13
1890,15146,16,17,21,28,30,32,15
1891,15147,8,9,16,23,24,30,5
1892,15148,9,13,14,22,26,27,7
1893,15149,9,10,20,21,22,33,9
1894,15150,1,3,8,11,29,31,13
1895,15151,5,6,8,23,31,32,11
1896,15152,11,18,19,21,29,32,12
1897,15153,8,11,15,22,27,29,3
1898,15154,7,9,11,15,18,25,7
1899,16001,6,13,16,18,20,22,13
1900,16002,9,14,17,20,24,30,16
1901,16003,1,10,14,23,26,28,1
1902,16004,8,10,17,22,25,33,12
1903,16005,11,14,18,20,31,33,14
1904,16006,13,16,18,20,28,31,12
1905,16007,5,12,14,20,27,29,6
1906,16008,2,15,24,29,32,33,2
1907,16009,10,14,24,25,27,32,4
1908,16010,2,4,12,14,19,25,6
1909,16011,3,8,10,15,22,29,12
1910,16012,7,12,14,16,27,32,15
1911,16013,7,12,21,22,26,31,1
1912,16014,2,8,10,18,20,27,7
1913,16015,1,2,14,22,25,26,7
1914,16016,1,20,22,24,25,26,16
1915,16017,5,6,8,20,22,30,5
1916,16018,12,13,14,17,21,25,4
1917,16019,6,13,16,17,23,30,10
1918,16020,1,2,10,12,22,24,10
1919,16021,9,11,13,22,24,26,5
1920,16022,4,9,19,22,23,30,7
1921,16023,3,6,10,19,25,29,7
1922,16024,2,5,7,14,18,31,13
1923,16025,4,11,12,17,24,30,12
1924,16026,4,9,12,28,30,33,1
1925,16027,11,13,15,17,19,31,5
1926,16028,6,8,12,21,25,29,1
1927,16029,12,15,18,20,21,27,15
1928,16030,10,14,19,22,25,29,12
1929,16031,3,8,10,19,26,33,3
1930,16032,8,12,14,15,21,27,15
1931,16033,6,17,18,20,27,29,15
1932,16034,3,15,21,22,23,28,15
1933,16035,4,13,19,20,26,29,11
1934,16036,3,4,7,9,20,22,3
1935,16037,6,15,26,31,32,33,16
1936,16038,3,12,13,22,28,29,3
1937,16039,1,3,7,18,19,27,16
1938,16040,3,13,19,20,23,26,3
1939,16041,12,17,18,21,22,24,4
1940,16042,7,14,17,23,26,31,9
1941,16043,5,14,20,26,30,33,12
1942,16044,1,3,10,12,18,30,1
1943,16045,4,9,12,17,30,32,3
1944,16046,7,20,25,26,27,30,14
1945,16047,2,5,8,15,17,22,16
1946,16048,3,8,13,14,15,30,4
1947,16049,6,8,13,14,22,27,10
1948,16050,9,12,24,28,29,30,2
1949,16051,1,2,4,9,15,33,12
1950,16052,1,6,13,19,24,28,16
1951,16053,2,8,10,12,29,31,1
1952,16054,6,11,16,19,28,32,4
1953,16055,5,6,10,16,22,26,11
1954,16056,3,4,8,11,16,18,14
1955,16057,7,12,19,22,23,26,11
1956,16058,3,5,18,20,24,32,11
1957,16059,4,11,12,20,25,28,15
1958,16060,4,5,22,26,29,32,8
1959,16061,5,6,8,18,20,32,8
1960,16062,12,13,15,18,19,21,9
1961,16063,16,17,18,23,28,32,7
1962,16064,3,12,14,17,19,26,3
1963,16065,13,16,22,25,26,27,14
1964,16066,3,7,13,18,19,20,5
1965,16067,9,13,18,20,27,31,4
1966,16068,8,19,23,28,31,32,1
1967,16069,8,10,11,20,21,27,11
1968,16070,3,6,11,18,23,29,1
1969,16071,19,21,26,28,29,32,1
1970,16072,5,16,19,22,24,25,2
1971,16073,9,11,12,15,16,20,13
1972,16074,6,10,11,12,20,25,12
1973,16075,1,3,6,16,29,32,7
1974,16076,7,8,13,22,30,32,1
1975,16077,1,9,17,19,20,29,10
1976,16078,2,4,8,23,26,29,2
1977,16079,1,3,10,12,24,28,2
1978,16080,1,16,17,24,25,32,14
1979,16081,2,6,15,25,30,32,7
1980,16082,6,12,14,15,17,20,9
1981,16083,9,16,17,24,30,31,4
1982,16084,2,4,12,18,24,26,5
1983,16085,1,12,19,20,21,25,16
1984,16086,9,10,11,12,15,32,5
1985,16087,2,3,10,11,14,21,12
1986,16088,3,14,16,18,25,33,15
1987,16089,1,3,14,30,31,32,8
1988,16090,2,13,17,20,21,26,7
1989,16091,4,8,14,22,23,28,7
1990,16092,2,13,15,23,24,29,6
1991,16093,6,9,15,17,25,27,9
1992,16094,6,7,10,12,18,31,10
1993,16095,1,5,9,12,18,32,12
1994,16096,6,13,14,21,22,24,16
1995,16097,6,13,25,26,28,31,1
1996,16098,2,8,25,29,31,32,6
1997,16099,1,11,21,23,27,33,6
1998,16100,3,10,22,23,27,29,4
1999,16101,1,3,19,24,32,33,1
2000,16102,5,8,10,14,17,30,13
2001,16103,1,5,13,19,24,27,11
2002,16104,5,9,11,18,30,31,4
2003,16105,8,10,19,27,28,31,16
2004,16106,4,5,13,22,25,30,4
2005,16107,6,11,18,26,27,32,1
2006,16108,2,3,7,8,19,26,16
2007,16109,9,11,15,16,27,33,5
2008,16110,5,7,28,31,32,33,8
2009,16111,2,4,7,14,15,32,4
2010,16112,6,12,14,15,18,25,12
2011,16113,1,11,16,17,20,26,14
2012,16114,5,16,20,22,27,29,9
2013,16115,6,8,20,22,26,27,9
2014,16116,7,18,20,23,27,31,13
2015,16117,3,10,14,17,28,33,2
2016,16118,9,14,22,23,31,33,14
2017,16119,9,19,21,30,31,32,4
2018,16120,2,5,6,21,25,28,9
2019,16121,2,3,10,23,25,28,9
2020,16122,15,22,23,24,28,29,8
2021,16123,7,9,12,14,20,27,16
2022,16124,9,15,21,24,27,32,10
2023,16125,1,6,8,20,27,30,3
2024,16126,2,6,12,17,18,19,10
2025,16127,7,12,17,26,29,31,16
2026,16128,4,9,11,17,26,27,13
2027,16129,5,6,8,21,31,33,14
2028,16130,3,17,21,23,27,28,1
2029,16131,4,10,18,19,25,27,2
2030,16132,5,8,13,19,27,28,7
2031,16133,15,16,21,22,27,33,15
2032,16134,11,12,13,14,18,33,13
2033,16135,2,8,10,18,20,33,12
2034,16136,2,7,10,20,27,29,3
2035,16137,1,6,9,10,15,32,14
2036,16138,7,16,20,24,25,30,7
2037,16139,1,6,19,26,28,30,3
2038,16140,1,2,5,17,26,32,10
2039,16141,4,13,15,17,21,24,15
2040,16142,1,10,17,21,23,30,12
2041,16143,6,9,23,24,25,33,13
2042,16144,4,10,12,27,32,33,5
2043,16145,1,3,7,12,19,20,6
2044,16146,3,7,15,16,17,23,10
2045,16147,4,14,18,28,31,32,12
2046,16148,1,2,11,20,26,30,14
2047,16149,3,20,23,26,32,33,7
2048,16150,2,4,5,9,13,21,5
2049,16151,6,11,16,20,22,33,7
2050,16152,2,8,9,16,20,22,7
2051,16153,7,9,16,24,25,29,6
2052,17001,9,11,14,20,25,26,15
2053,17002,15,19,23,24,25,32,3
2054,17003,1,4,8,15,27,32,16
2055,17004,5,13,17,26,27,30,7
2056,17005,6,11,12,22,23,30,5
2057,17006,2,4,8,26,29,33,8
2058,17007,2,4,5,24,26,33,15
2059,17008,7,13,15,27,28,29,13
2060,17009,2,6,8,9,15,29,14
2061,17010,5,8,19,25,28,30,7
2062,17011,10,11,12,23,26,29,16
2063,17012,10,11,14,15,16,24,7
2064,17013,8,11,28,29,31,33,6
2065,17014,6,8,18,20,23,31,13
2066,17015,1,8,9,14,17,32,1
2067,17016,5,8,16,22,27,29,2
2068,17017,3,7,8,10,22,23,12
2069,17018,1,2,3,17,25,31,9
2070,17019,4,6,8,12,23,25,8
2071,17020,4,8,10,12,31,33,10
2072,17021,2,5,10,22,32,33,9
2073,17022,2,6,15,16,18,32,15
2074,17023,1,3,4,11,18,22,14
2075,17024,9,21,25,26,29,31,13
2076,17025,2,15,16,17,22,32,7
2077,17026,3,10,12,19,27,30,8
2078,17027,2,4,11,14,27,30,5
2079,17028,7,8,12,13,22,30,9
2080,17029,2,15,21,23,25,30,10
2081,17030,1,7,9,20,23,30,2
2082,17031,6,10,16,26,27,29,3
2083,17032,5,8,15,24,27,31,11
2084,17033,5,7,15,20,23,30,15
2085,17034,4,7,8,19,32,33,13
2086,17035,1,6,14,24,28,32,12
2087,17036,1,2,5,10,24,27,15
2088,17037,11,15,20,22,25,30,5
2089,17038,1,4,8,13,24,27,5
2090,17039,2,4,12,14,17,24,15
2091,17040,15,19,23,28,29,33,4
2092,17041,4,10,13,15,22,27,4
2093,17042,1,2,4,7,10,23,4
2094,17043,8,13,16,23,27,31,8
2095,17044,8,16,19,21,31,32,6
2096,17045,5,7,16,20,21,25,5
2097,17046,4,13,14,23,26,32,10
2098,17047,2,5,8,10,32,33,2
2099,17048,5,8,9,14,15,19,7
2100,17049,1,8,14,15,20,29,10
2101,17050,10,12,20,24,27,29,7
2102,17051,2,5,9,15,24,25,11
2103,17052,7,8,18,24,29,31,7
2104,17053,4,9,11,15,29,31,6
2105,17054,2,3,9,23,28,33,8
2106,17055,7,12,13,20,24,31,5
2107,17056,13,14,18,19,21,28,6
2108,17057,18,20,22,23,30,31,16
2109,17058,1,9,13,22,28,32,11
2110,17059,4,8,9,15,19,25,9
2111,17060,5,10,13,24,26,31,4
2112,17061,6,7,12,20,26,27,11
2113,17062,1,7,22,24,26,31,10
2114,17063,12,16,20,22,25,31,4
2115,17064,2,10,16,22,24,28,15
2116,17065,2,5,8,10,12,21,7
2117,17066,1,4,6,17,19,26,3
2118,17067,1,3,4,10,18,29,4
2119,17068,2,6,10,22,30,31,15
2120,17069,2,11,12,23,29,31,5
2121,17070,1,6,14,22,25,26,12
2122,17071,2,3,6,14,31,32,3
2123,17072,6,11,14,23,26,30,2
2124,17073,3,6,16,23,26,30,14
2125,17074,2,6,16,23,30,31,2
2126,17075,1,3,6,19,21,29,7
2127,17076,1,4,8,9,14,15,13
2128,17077,1,2,4,15,17,22,14
2129,17078,5,7,18,19,22,24,16
2130,17079,3,7,14,23,25,27,8
2131,17080,1,12,16,20,22,24,8
2132,17081,3,5,14,25,26,30,5
2133,17082,14,18,21,25,28,29,10
2134,17083,3,8,14,20,24,26,12
2135,17084,1,5,11,20,22,24,2
2136,17085,1,5,6,16,25,30,9
2137,17086,3,5,6,13,20,22,7
2138,17087,3,6,13,14,19,28,6
2139,17088,7,9,18,22,23,29,6
2140,17089,11,12,13,16,23,25,12
2141,17090,1,7,10,16,22,33,9
2142,17091,5,7,10,23,28,29,3
2143,17092,10,18,19,29,32,33,9
2144,17093,7,8,9,15,22,27,12
2145,17094,8,11,13,19,28,31,6
2146,17095,9,10,12,19,22,29,16
2147,17096,2,6,11,12,19,29,6
2148,17097,5,10,18,19,30,31,3
2149,17098,4,19,22,27,30,33,1
2150,17099,2,5,6,16,28,29,4
2151,17100,4,7,8,18,23,24,2
2152,17101,1,4,11,28,31,32,16
2153,17102,4,8,10,14,18,20,11
2154,17103,1,21,23,25,31,33,1
2155,17104,1,14,15,20,23,30,14
2156,17105,3,6,7,12,25,26,7
2157,17106,12,15,20,25,27,31,2
2158,17107,8,9,15,17,30,32,6
2159,17108,7,12,14,15,17,20,1
2160,17109,8,14,16,18,21,23,16
2161,17110,1,3,12,15,19,23,14
2162,17111,5,10,17,19,29,32,12
2163,17112,3,10,14,16,22,23,11
2164,17113,4,6,16,27,29,33,5
2165,17114,6,12,13,15,18,26,13
2166,17115,4,10,11,25,30,31,1
2167,17116,2,14,20,22,30,32,2
2168,17117,1,2,8,11,14,21,9
2169,17118,8,9,15,22,30,33,16
2170,17119,9,16,21,25,26,31,14
2171,17120,8,10,15,19,23,28,16
2172,17121,11,18,19,22,24,32,7
2173,17122,11,20,21,22,24,27,15
2174,17123,4,5,6,11,21,31,10
2175,17124,2,6,11,26,28,29,3
2176,17125,1,14,23,25,29,30,3
2177,17126,1,16,17,21,27,30,16
2178,17127,14,15,21,24,27,32,12
2179,17128,2,6,13,22,29,31,8
2180,17129,5,6,9,14,21,33,2
2181,17130,5,13,14,23,25,31,2
2182,17131,1,7,10,11,26,27,11
2183,17132,2,3,5,9,13,28,11
2184,17133,6,15,17,18,23,30,11
2185,17134,4,5,11,14,28,32,4
2186,17135,1,6,7,14,18,26,16
2187,17136,3,7,10,18,21,24,12
2188,17137,5,10,20,23,26,31,3
2189,17138,1,17,24,28,32,33,2
2190,17139,2,14,20,24,28,32,16
2191,17140,21,22,25,28,29,30,8
2192,17141,1,6,7,11,13,15,5
2193,17142,8,13,14,18,23,33,6
2194,17143,4,6,9,14,20,29,14
2195,17144,3,14,16,20,31,32,9
2196,17145,2,6,12,17,25,28,12
2197,17146,1,19,25,26,27,33,10
2198,17147,3,7,20,21,25,31,14
2199,17148,4,7,11,14,29,32,12
2200,17149,5,8,15,20,27,30,13
2201,17150,6,14,19,20,21,23,8
2202,17151,2,5,7,9,11,27,16
2203,17152,6,10,23,25,26,29,5
2204,17153,7,11,12,13,18,19,16
2205,17154,5,9,13,15,18,26,5
2206,18001,1,8,11,26,28,31,4
2207,18002,7,18,24,29,31,33,16
2208,18003,1,14,16,17,20,31,4
2209,18004,14,18,19,26,30,31,11
2210,18005,2,20,21,28,31,33,6
2211,18006,2,7,8,9,17,29,11
2212,18007,13,14,20,25,27,31,12
2213,18008,5,9,10,12,17,19,13
2214,18009,5,10,17,23,26,32,7
2215,18010,1,8,17,20,21,22,3
2216,18011,3,10,21,23,27,33,11
